[2026-04-06 15:26:03Z INFO HostContext] No proxy settings were found based on environmental variables (http_proxy/https_proxy/HTTP_PROXY/HTTPS_PROXY)
[2026-04-06 15:26:03Z INFO HostContext] Well known directory 'Bin': 'C:\Users\oi323\OneDrive\Desktop\HW2\actions-runner\bin'
[2026-04-06 15:26:03Z INFO HostContext] Well known directory 'Root': 'C:\Users\oi323\OneDrive\Desktop\HW2\actions-runner'
[2026-04-06 15:26:03Z INFO HostContext] Well known config file 'Credentials': 'C:\Users\oi323\OneDrive\Desktop\HW2\actions-runner\.credentials'
[2026-04-06 15:26:03Z INFO HostContext] Well known directory 'Bin': 'C:\Users\oi323\OneDrive\Desktop\HW2\actions-runner\bin'
[2026-04-06 15:26:03Z INFO HostContext] Well known directory 'Root': 'C:\Users\oi323\OneDrive\Desktop\HW2\actions-runner'
[2026-04-06 15:26:03Z INFO HostContext] Well known config file 'Runner': 'C:\Users\oi323\OneDrive\Desktop\HW2\actions-runner\.runner'
[2026-04-06 15:26:03Z INFO Worker] Version: 2.333.1
[2026-04-06 15:26:03Z INFO Worker] Commit: 6792966801e8925346735b68c03bf9f347af4646
[2026-04-06 15:26:03Z INFO Worker] Culture: ko-KR
[2026-04-06 15:26:03Z INFO Worker] UI Culture: ko-KR
[2026-04-06 15:26:03Z INFO Worker] Waiting to receive the job message from the channel.
[2026-04-06 15:26:03Z INFO ProcessChannel] Receiving message of length 21621, with hash '9acb4fbcc2f17f944cc103bc0b02e7dce02ac430cc32776534d04cc2d5c6b8ad'
[2026-04-06 15:26:03Z INFO Worker] Message received.
[2026-04-06 15:26:03Z INFO Worker] Job message:
 {
  "fileTable": [
    ".github/workflows/ci.yml"
  ],
  "mask": [
    {
      "type": "regex",
      "value": "***"
    },
    {
      "type": "regex",
      "value": "***"
    },
    {
      "type": "regex",
      "value": "***"
    },
    {
      "type": "regex",
      "value": "***"
    },
    {
      "type": "regex",
      "value": "***"
    },
    {
      "type": "regex",
      "value": "***"
    },
    {
      "type": "regex",
      "value": "***"
    },
    {
      "type": "regex",
      "value": "***"
    },
    {
      "type": "regex",
      "value": "***"
    },
    {
      "type": "regex",
      "value": "***"
    },
    {
      "type": "regex",
      "value": "***"
    },
    {
      "type": "regex",
      "value": "***"
    },
    {
      "type": "regex",
      "value": "***"
    },
    {
      "type": "regex",
      "value": "***"
    },
    {
      "type": "regex",
      "value": "***"
    },
    {
      "type": "regex",
      "value": "***"
    },
    {
      "type": "regex",
      "value": "***"
    },
    {
      "type": "regex",
      "value": "***"
    }
  ],
  "steps": [
    {
      "type": "action",
      "reference": {
        "type": "repository",
        "name": "docker/login-action",
        "ref": "v3",
        "repositoryType": "GitHub"
      },
      "displayNameToken": {
        "type": 0,
        "file": 1,
        "line": 45,
        "col": 15,
        "lit": "Login to Docker Hub"
      },
      "contextName": "__docker_login-action",
      "inputs": {
        "type": 2,
        "file": 1,
        "line": 48,
        "col": 11,
        "map": [
          {
            "key": {
              "type": 0,
              "file": 1,
              "line": 48,
              "col": 11,
              "lit": "username"
            },
            "value": {
              "type": 0,
              "file": 1,
              "line": 48,
              "col": 21,
              "lit": "pockyextrafine"
            }
          },
          {
            "key": {
              "type": 0,
              "file": 1,
              "line": 49,
              "col": 11,
              "lit": "password"
            },
            "value": {
              "type": 3,
              "file": 1,
              "line": 49,
              "col": 21,
              "expr": "secrets.DOCKERHUB_TOKEN"
            }
          }
        ]
      },
      "condition": "success()",
      "id": "b8f2d61c-70b1-489c-8dc1-ce5d41a04b5f",
      "name": "__docker_login-action"
    },
    {
      "type": "action",
      "reference": {
        "type": "script"
      },
      "displayNameToken": {
        "type": 0,
        "file": 1,
        "line": 51,
        "col": 15,
        "lit": "Pull latest image"
      },
      "contextName": "__run",
      "inputs": {
        "type": 2,
        "map": [
          {
            "key": "script",
            "value": {
              "type": 0,
              "file": 1,
              "line": 53,
              "col": 14,
              "lit": "docker pull pockyextrafine/steam-summarizer:latest"
            }
          },
          {
            "key": "shell",
            "value": {
              "type": 0,
              "file": 1,
              "line": 52,
              "col": 16,
              "lit": "powershell"
            }
          }
        ]
      },
      "condition": "success()",
      "id": "aa0908c3-abda-4501-b9c8-dc1e4f24c1b2",
      "name": "__run"
    },
    {
      "type": "action",
      "reference": {
        "type": "script"
      },
      "displayNameToken": {
        "type": 0,
        "file": 1,
        "line": 55,
        "col": 15,
        "lit": "Stop and Remove Existing Container"
      },
      "contextName": "__run_2",
      "inputs": {
        "type": 2,
        "map": [
          {
            "key": "script",
            "value": {
              "type": 0,
              "file": 1,
              "line": 57,
              "col": 14,
              "lit": "$containerName = \"steam-summarizer\"\n$exists = docker ps -aq --filter \"name=$containerName\"\nif ($exists) {\n    docker stop $containerName\n    docker rm $containerName\n}\n"
            }
          },
          {
            "key": "shell",
            "value": {
              "type": 0,
              "file": 1,
              "line": 56,
              "col": 16,
              "lit": "powershell"
            }
          }
        ]
      },
      "condition": "success()",
      "id": "256afdb4-1f68-49c0-89cb-ad1f96ec254d",
      "name": "__run_2"
    },
    {
      "type": "action",
      "reference": {
        "type": "script"
      },
      "displayNameToken": {
        "type": 0,
        "file": 1,
        "line": 65,
        "col": 15,
        "lit": "Run New Container"
      },
      "contextName": "__run_3",
      "inputs": {
        "type": 2,
        "map": [
          {
            "key": "script",
            "value": {
              "type": 0,
              "file": 1,
              "line": 67,
              "col": 14,
              "lit": "docker run -d --name steam-summarizer -p 8000:8000 pockyextrafine/steam-summarizer:latest"
            }
          },
          {
            "key": "shell",
            "value": {
              "type": 0,
              "file": 1,
              "line": 66,
              "col": 16,
              "lit": "pwsh"
            }
          }
        ]
      },
      "condition": "success()",
      "id": "e673401c-7756-47d0-abc0-778057a404da",
      "name": "__run_3"
    }
  ],
  "variables": {
    "Actions.EnableHttpRedirects": {
      "value": "true"
    },
    "DOCKERHUB_TOKEN": {
      "value": "***",
      "isSecret": true
    },
    "DistributedTask.AddWarningToNode12Action": {
      "value": "true"
    },
    "DistributedTask.AddWarningToNode16Action": {
      "value": "true"
    },
    "DistributedTask.AllowRunnerContainerHooks": {
      "value": "true"
    },
    "DistributedTask.DeprecateStepOutputCommands": {
      "value": "true"
    },
    "DistributedTask.DetailUntarFailure": {
      "value": "true"
    },
    "DistributedTask.EnableCompositeActions": {
      "value": "true"
    },
    "DistributedTask.EnableJobServerQueueTelemetry": {
      "value": "true"
    },
    "DistributedTask.EnhancedAnnotations": {
      "value": "true"
    },
    "DistributedTask.ForceGithubJavascriptActionsToNode16": {
      "value": "true"
    },
    "DistributedTask.ForceGithubJavascriptActionsToNode20": {
      "value": "true"
    },
    "DistributedTask.LogTemplateErrorsAsDebugMessages": {
      "value": "true"
    },
    "DistributedTask.MarkJobAsFailedOnWorkerCrash": {
      "value": "true"
    },
    "DistributedTask.NewActionMetadata": {
      "value": "true"
    },
    "DistributedTask.UploadStepSummary": {
      "value": "true"
    },
    "DistributedTask.UseActionArchiveCache": {
      "value": "true"
    },
    "DistributedTask.UseWhich2": {
      "value": "true"
    },
    "RunService.FixEmbeddedIssues": {
      "value": "true"
    },
    "actions.runner.requirenode24": {
      "value": "false"
    },
    "actions.runner.usenode24bydefault": {
      "value": "false"
    },
    "actions.runner.warnonnode20": {
      "value": "true"
    },
    "actions_add_check_run_id_to_job_context": {
      "value": "true"
    },
    "actions_batch_action_resolution": {
      "value": "false"
    },
    "actions_container_action_runner_temp": {
      "value": "true"
    },
    "actions_display_helpful_actions_download_errors": {
      "value": "true"
    },
    "actions_runner_compare_workflow_parser": {
      "value": "false"
    },
    "actions_runner_deprecate_linux_arm32": {
      "value": "false"
    },
    "actions_runner_emit_composite_markers": {
      "value": "false"
    },
    "actions_runner_kill_linux_arm32": {
      "value": "false"
    },
    "actions_runner_node20_removal_date": {
      "value": ""
    },
    "actions_runner_node24_default_date": {
      "value": ""
    },
    "actions_service_container_command": {
      "value": "true"
    },
    "actions_set_orchestration_id_env_for_actions": {
      "value": "true"
    },
    "actions_skip_retry_complete_job_upon_known_errors": {
      "value": "true"
    },
    "actions_snapshot_preflight_hosted_runner_check": {
      "value": "false"
    },
    "actions_snapshot_preflight_image_gen_pool_check": {
      "value": "false"
    },
    "actions_use_bearer_token_for_codeload": {
      "value": "false"
    },
    "actions_uses_cache_service_v2": {
      "value": "true"
    },
    "github_token": {
      "value": "***",
      "isSecret": true
    },
    "system.from_run_service": {
      "value": "true"
    },
    "system.github.job": {
      "value": "deploy"
    },
    "system.github.launch_endpoint": {
      "value": "https://launch.actions.githubusercontent.com"
    },
    "system.github.results_endpoint": {
      "value": "https://results-receiver.actions.githubusercontent.com/"
    },
    "system.github.results_upload_with_sdk": {
      "value": "true"
    },
    "system.github.token": {
      "value": "***",
      "isSecret": true
    },
    "system.github.token.permissions": {
      "value": "{\"Contents\":\"read\",\"Metadata\":\"read\",\"Packages\":\"read\"}"
    },
    "system.orchestrationId": {
      "value": "6cdd7ef0-29f7-43ff-b097-e243c8919e0c.deploy.__default"
    },
    "system.phaseDisplayName": {
      "value": "deploy"
    },
    "system.runner.lowdiskspacethreshold": {
      "value": "100"
    },
    "system.runnerEnvironment": {
      "value": "self-hosted"
    },
    "system.runnerGroupName": {
      "value": "Default"
    }
  },
  "messageType": "RunnerJobRequest",
  "plan": {
    "scopeIdentifier": "00000000-0000-0000-0000-000000000000",
    "planType": "actions",
    "version": 0,
    "planId": "6cdd7ef0-29f7-43ff-b097-e243c8919e0c",
    "planGroup": null,
    "artifactUri": null,
    "artifactLocation": null,
    "definition": null,
    "owner": null
  },
  "timeline": {
    "id": "6cdd7ef0-29f7-43ff-b097-e243c8919e0c",
    "changeId": 0,
    "location": null
  },
  "jobId": "226d5783-a3ad-5555-b423-20848715fb7c",
  "jobDisplayName": "deploy",
  "jobName": "__default",
  "requestId": 0,
  "lockedUntil": "0001-01-01T00:00:00",
  "resources": {
    "endpoints": [
      {
        "data": {
          "ServerId": "",
          "ServerName": "",
          "CacheServerUrl": "https://artifactcache.actions.githubusercontent.com/gKWO5JZKxLj9FT68W9CqwKfNR6vcmbidj8tq0IJOu5XpBUFWwP/",
          "FeedStreamUrl": "wss://results-receiver.actions.githubusercontent.com/_ws/ingest.sock",
          "ResultsServiceUrl": "https://results-receiver.actions.githubusercontent.com/",
          "PipelinesServiceUrl": "https://pipelinesghubeus11.actions.githubusercontent.com/gKWO5JZKxLj9FT68W9CqwKfNR6vcmbidj8tq0IJOu5XpBUFWwP/",
          "GenerateIdTokenUrl": "",
          "ConnectivityChecks": "[\"https://broker.actions.githubusercontent.com/health\",\"https://token.actions.githubusercontent.com/ready\",\"https://run.actions.githubusercontent.com/health\"]"
        },
        "name": "SystemVssConnection",
        "url": "https://run-actions-1-azure-eastus.actions.githubusercontent.com/117/",
        "authorization": {
          "parameters": {
            "AccessToken": "***"
          },
          "scheme": "OAuth"
        },
        "isShared": false,
        "isReady": true
      }
    ]
  },
  "contextData": {
    "github": {
      "t": 2,
      "d": [
        {
          "k": "ref",
          "v": "refs/heads/main"
        },
        {
          "k": "sha",
          "v": "ceb61f7e86fe662adcb452f518e67360559f469b"
        },
        {
          "k": "repository",
          "v": "pockyextrafine/HW2"
        },
        {
          "k": "repository_owner",
          "v": "pockyextrafine"
        },
        {
          "k": "repository_owner_id",
          "v": "143623470"
        },
        {
          "k": "repositoryUrl",
          "v": "git://github.com/pockyextrafine/HW2.git"
        },
        {
          "k": "run_id",
          "v": "24037888614"
        },
        {
          "k": "run_number",
          "v": "5"
        },
        {
          "k": "retention_days",
          "v": "90"
        },
        {
          "k": "run_attempt",
          "v": "1"
        },
        {
          "k": "artifact_cache_size_limit",
          "v": "10"
        },
        {
          "k": "repository_visibility",
          "v": "public"
        },
        {
          "k": "actor_id",
          "v": "143623470"
        },
        {
          "k": "actor",
          "v": "pockyextrafine"
        },
        {
          "k": "workflow",
          "v": "CI/CD to Docker Hub & Local Deploy"
        },
        {
          "k": "head_ref",
          "v": ""
        },
        {
          "k": "base_ref",
          "v": ""
        },
        {
          "k": "event_name",
          "v": "push"
        },
        {
          "k": "server_url",
          "v": "https://github.com"
        },
        {
          "k": "api_url",
          "v": "https://api.github.com"
        },
        {
          "k": "graphql_url",
          "v": "https://api.github.com/graphql"
        },
        {
          "k": "ref_name",
          "v": "main"
        },
        {
          "k": "ref_protected",
          "v": false
        },
        {
          "k": "ref_type",
          "v": "branch"
        },
        {
          "k": "secret_source",
          "v": "Actions"
        },
        {
          "k": "event",
          "v": {
            "t": 2,
            "d": [
              {
                "k": "after",
                "v": "ceb61f7e86fe662adcb452f518e67360559f469b"
              },
              {
                "k": "base_ref",
                "v": null
              },
              {
                "k": "before",
                "v": "bf5d57e6ea7df5ac53161351b453b0d81d769e30"
              },
              {
                "k": "commits",
                "v": {
                  "t": 1,
                  "a": [
                    {
                      "t": 2,
                      "d": [
                        {
                          "k": "author",
                          "v": {
                            "t": 2,
                            "d": [
                              {
                                "k": "email",
                                "v": "oi32358@khu.ac.kr"
                              },
                              {
                                "k": "name",
                                "v": "ksw"
                              },
                              {
                                "k": "username",
                                "v": "pockyextrafine"
                              }
                            ]
                          }
                        },
                        {
                          "k": "committer",
                          "v": {
                            "t": 2,
                            "d": [
                              {
                                "k": "email",
                                "v": "oi32358@khu.ac.kr"
                              },
                              {
                                "k": "name",
                                "v": "ksw"
                              },
                              {
                                "k": "username",
                                "v": "pockyextrafine"
                              }
                            ]
                          }
                        },
                        {
                          "k": "distinct",
                          "v": true
                        },
                        {
                          "k": "id",
                          "v": "ceb61f7e86fe662adcb452f518e67360559f469b"
                        },
                        {
                          "k": "message",
                          "v": "Complete MLOps pipeline with local auto-deploy"
                        },
                        {
                          "k": "timestamp",
                          "v": "2026-04-07T00:25:23+09:00"
                        },
                        {
                          "k": "tree_id",
                          "v": "a62a8f3feb9dbe6db6acf35bebdbe3e731a2e8ac"
                        },
                        {
                          "k": "url",
                          "v": "https://github.com/pockyextrafine/HW2/commit/ceb61f7e86fe662adcb452f518e67360559f469b"
                        }
                      ]
                    }
                  ]
                }
              },
              {
                "k": "compare",
                "v": "https://github.com/pockyextrafine/HW2/compare/bf5d57e6ea7d...ceb61f7e86fe"
              },
              {
                "k": "created",
                "v": false
              },
              {
                "k": "deleted",
                "v": false
              },
              {
                "k": "forced",
                "v": false
              },
              {
                "k": "head_commit",
                "v": {
                  "t": 2,
                  "d": [
                    {
                      "k": "author",
                      "v": {
                        "t": 2,
                        "d": [
                          {
                            "k": "email",
                            "v": "oi32358@khu.ac.kr"
                          },
                          {
                            "k": "name",
                            "v": "ksw"
                          },
                          {
                            "k": "username",
                            "v": "pockyextrafine"
                          }
                        ]
                      }
                    },
                    {
                      "k": "committer",
                      "v": {
                        "t": 2,
                        "d": [
                          {
                            "k": "email",
                            "v": "oi32358@khu.ac.kr"
                          },
                          {
                            "k": "name",
                            "v": "ksw"
                          },
                          {
                            "k": "username",
                            "v": "pockyextrafine"
                          }
                        ]
                      }
                    },
                    {
                      "k": "distinct",
                      "v": true
                    },
                    {
                      "k": "id",
                      "v": "ceb61f7e86fe662adcb452f518e67360559f469b"
                    },
                    {
                      "k": "message",
                      "v": "Complete MLOps pipeline with local auto-deploy"
                    },
                    {
                      "k": "timestamp",
                      "v": "2026-04-07T00:25:23+09:00"
                    },
                    {
                      "k": "tree_id",
                      "v": "a62a8f3feb9dbe6db6acf35bebdbe3e731a2e8ac"
                    },
                    {
                      "k": "url",
                      "v": "https://github.com/pockyextrafine/HW2/commit/ceb61f7e86fe662adcb452f518e67360559f469b"
                    }
                  ]
                }
              },
              {
                "k": "pusher",
                "v": {
                  "t": 2,
                  "d": [
                    {
                      "k": "email",
                      "v": "143623470+pockyextrafine@users.noreply.github.com"
                    },
                    {
                      "k": "name",
                      "v": "pockyextrafine"
                    }
                  ]
                }
              },
              {
                "k": "ref",
                "v": "refs/heads/main"
              },
              {
                "k": "repository",
                "v": {
                  "t": 2,
                  "d": [
                    {
                      "k": "allow_forking",
                      "v": true
                    },
                    {
                      "k": "archive_url",
                      "v": "https://api.github.com/repos/pockyextrafine/HW2/{archive_format}{/ref}"
                    },
                    {
                      "k": "archived",
                      "v": false
                    },
                    {
                      "k": "assignees_url",
                      "v": "https://api.github.com/repos/pockyextrafine/HW2/assignees{/user}"
                    },
                    {
                      "k": "blobs_url",
                      "v": "https://api.github.com/repos/pockyextrafine/HW2/git/blobs{/sha}"
                    },
                    {
                      "k": "branches_url",
                      "v": "https://api.github.com/repos/pockyextrafine/HW2/branches{/branch}"
                    },
                    {
                      "k": "clone_url",
                      "v": "https://github.com/pockyextrafine/HW2.git"
                    },
                    {
                      "k": "collaborators_url",
                      "v": "https://api.github.com/repos/pockyextrafine/HW2/collaborators{/collaborator}"
                    },
                    {
                      "k": "comments_url",
                      "v": "https://api.github.com/repos/pockyextrafine/HW2/comments{/number}"
                    },
                    {
                      "k": "commits_url",
                      "v": "https://api.github.com/repos/pockyextrafine/HW2/commits{/sha}"
                    },
                    {
                      "k": "compare_url",
                      "v": "https://api.github.com/repos/pockyextrafine/HW2/compare/{base}...{head}"
                    },
                    {
                      "k": "contents_url",
                      "v": "https://api.github.com/repos/pockyextrafine/HW2/contents/{+path}"
                    },
                    {
                      "k": "contributors_url",
                      "v": "https://api.github.com/repos/pockyextrafine/HW2/contributors"
                    },
                    {
                      "k": "created_at",
                      "v": 1775472465.0
                    },
                    {
                      "k": "default_branch",
                      "v": "main"
                    },
                    {
                      "k": "deployments_url",
                      "v": "https://api.github.com/repos/pockyextrafine/HW2/deployments"
                    },
                    {
                      "k": "description",
                      "v": null
                    },
                    {
                      "k": "disabled",
                      "v": false
                    },
                    {
                      "k": "downloads_url",
                      "v": "https://api.github.com/repos/pockyextrafine/HW2/downloads"
                    },
                    {
                      "k": "events_url",
                      "v": "https://api.github.com/repos/pockyextrafine/HW2/events"
                    },
                    {
                      "k": "fork",
                      "v": false
                    },
                    {
                      "k": "forks",
                      "v": 0.0
                    },
                    {
                      "k": "forks_count",
                      "v": 0.0
                    },
                    {
                      "k": "forks_url",
                      "v": "https://api.github.com/repos/pockyextrafine/HW2/forks"
                    },
                    {
                      "k": "full_name",
                      "v": "pockyextrafine/HW2"
                    },
                    {
                      "k": "git_commits_url",
                      "v": "https://api.github.com/repos/pockyextrafine/HW2/git/commits{/sha}"
                    },
                    {
                      "k": "git_refs_url",
                      "v": "https://api.github.com/repos/pockyextrafine/HW2/git/refs{/sha}"
                    },
                    {
                      "k": "git_tags_url",
                      "v": "https://api.github.com/repos/pockyextrafine/HW2/git/tags{/sha}"
                    },
                    {
                      "k": "git_url",
                      "v": "git://github.com/pockyextrafine/HW2.git"
                    },
                    {
                      "k": "has_discussions",
                      "v": false
                    },
                    {
                      "k": "has_downloads",
                      "v": true
                    },
                    {
                      "k": "has_issues",
                      "v": true
                    },
                    {
                      "k": "has_pages",
                      "v": false
                    },
                    {
                      "k": "has_projects",
                      "v": true
                    },
                    {
                      "k": "has_pull_requests",
                      "v": true
                    },
                    {
                      "k": "has_wiki",
                      "v": true
                    },
                    {
                      "k": "homepage",
                      "v": null
                    },
                    {
                      "k": "hooks_url",
                      "v": "https://api.github.com/repos/pockyextrafine/HW2/hooks"
                    },
                    {
                      "k": "html_url",
                      "v": "https://github.com/pockyextrafine/HW2"
                    },
                    {
                      "k": "id",
                      "v": 1202736567.0
                    },
                    {
                      "k": "is_template",
                      "v": false
                    },
                    {
                      "k": "issue_comment_url",
                      "v": "https://api.github.com/repos/pockyextrafine/HW2/issues/comments{/number}"
                    },
                    {
                      "k": "issue_events_url",
                      "v": "https://api.github.com/repos/pockyextrafine/HW2/issues/events{/number}"
                    },
                    {
                      "k": "issues_url",
                      "v": "https://api.github.com/repos/pockyextrafine/HW2/issues{/number}"
                    },
                    {
                      "k": "keys_url",
                      "v": "https://api.github.com/repos/pockyextrafine/HW2/keys{/key_id}"
                    },
                    {
                      "k": "labels_url",
                      "v": "https://api.github.com/repos/pockyextrafine/HW2/labels{/name}"
                    },
                    {
                      "k": "language",
                      "v": "JavaScript"
                    },
                    {
                      "k": "languages_url",
                      "v": "https://api.github.com/repos/pockyextrafine/HW2/languages"
                    },
                    {
                      "k": "license",
                      "v": null
                    },
                    {
                      "k": "master_branch",
                      "v": "main"
                    },
                    {
                      "k": "merges_url",
                      "v": "https://api.github.com/repos/pockyextrafine/HW2/merges"
                    },
                    {
                      "k": "milestones_url",
                      "v": "https://api.github.com/repos/pockyextrafine/HW2/milestones{/number}"
                    },
                    {
                      "k": "mirror_url",
                      "v": null
                    },
                    {
                      "k": "name",
                      "v": "HW2"
                    },
                    {
                      "k": "node_id",
                      "v": "R_kgDOR7BNtw"
                    },
                    {
                      "k": "notifications_url",
                      "v": "https://api.github.com/repos/pockyextrafine/HW2/notifications{?since,all,participating}"
                    },
                    {
                      "k": "open_issues",
                      "v": 0.0
                    },
                    {
                      "k": "open_issues_count",
                      "v": 0.0
                    },
                    {
                      "k": "owner",
                      "v": {
                        "t": 2,
                        "d": [
                          {
                            "k": "avatar_url",
                            "v": "https://avatars.githubusercontent.com/u/143623470?v=4"
                          },
                          {
                            "k": "email",
                            "v": "143623470+pockyextrafine@users.noreply.github.com"
                          },
                          {
                            "k": "events_url",
                            "v": "https://api.github.com/users/pockyextrafine/events{/privacy}"
                          },
                          {
                            "k": "followers_url",
                            "v": "https://api.github.com/users/pockyextrafine/followers"
                          },
                          {
                            "k": "following_url",
                            "v": "https://api.github.com/users/pockyextrafine/following{/other_user}"
                          },
                          {
                            "k": "gists_url",
                            "v": "https://api.github.com/users/pockyextrafine/gists{/gist_id}"
                          },
                          {
                            "k": "gravatar_id",
                            "v": ""
                          },
                          {
                            "k": "html_url",
                            "v": "https://github.com/pockyextrafine"
                          },
                          {
                            "k": "id",
                            "v": 143623470.0
                          },
                          {
                            "k": "login",
                            "v": "pockyextrafine"
                          },
                          {
                            "k": "name",
                            "v": "pockyextrafine"
                          },
                          {
                            "k": "node_id",
                            "v": "U_kgDOCI-FLg"
                          },
                          {
                            "k": "organizations_url",
                            "v": "https://api.github.com/users/pockyextrafine/orgs"
                          },
                          {
                            "k": "received_events_url",
                            "v": "https://api.github.com/users/pockyextrafine/received_events"
                          },
                          {
                            "k": "repos_url",
                            "v": "https://api.github.com/users/pockyextrafine/repos"
                          },
                          {
                            "k": "site_admin",
                            "v": false
                          },
                          {
                            "k": "starred_url",
                            "v": "https://api.github.com/users/pockyextrafine/starred{/owner}{/repo}"
                          },
                          {
                            "k": "subscriptions_url",
                            "v": "https://api.github.com/users/pockyextrafine/subscriptions"
                          },
                          {
                            "k": "type",
                            "v": "User"
                          },
                          {
                            "k": "url",
                            "v": "https://api.github.com/users/pockyextrafine"
                          },
                          {
                            "k": "user_view_type",
                            "v": "public"
                          }
                        ]
                      }
                    },
                    {
                      "k": "private",
                      "v": false
                    },
                    {
                      "k": "pull_request_creation_policy",
                      "v": "all"
                    },
                    {
                      "k": "pulls_url",
                      "v": "https://api.github.com/repos/pockyextrafine/HW2/pulls{/number}"
                    },
                    {
                      "k": "pushed_at",
                      "v": 1775489132.0
                    },
                    {
                      "k": "releases_url",
                      "v": "https://api.github.com/repos/pockyextrafine/HW2/releases{/id}"
                    },
                    {
                      "k": "size",
                      "v": 0.0
                    },
                    {
                      "k": "ssh_url",
                      "v": "git@github.com:pockyextrafine/HW2.git"
                    },
                    {
                      "k": "stargazers",
                      "v": 0.0
                    },
                    {
                      "k": "stargazers_count",
                      "v": 0.0
                    },
                    {
                      "k": "stargazers_url",
                      "v": "https://api.github.com/repos/pockyextrafine/HW2/stargazers"
                    },
                    {
                      "k": "statuses_url",
                      "v": "https://api.github.com/repos/pockyextrafine/HW2/statuses/{sha}"
                    },
                    {
                      "k": "subscribers_url",
                      "v": "https://api.github.com/repos/pockyextrafine/HW2/subscribers"
                    },
                    {
                      "k": "subscription_url",
                      "v": "https://api.github.com/repos/pockyextrafine/HW2/subscription"
                    },
                    {
                      "k": "svn_url",
                      "v": "https://github.com/pockyextrafine/HW2"
                    },
                    {
                      "k": "tags_url",
                      "v": "https://api.github.com/repos/pockyextrafine/HW2/tags"
                    },
                    {
                      "k": "teams_url",
                      "v": "https://api.github.com/repos/pockyextrafine/HW2/teams"
                    },
                    {
                      "k": "topics",
                      "v": {
                        "t": 1
                      }
                    },
                    {
                      "k": "trees_url",
                      "v": "https://api.github.com/repos/pockyextrafine/HW2/git/trees{/sha}"
                    },
                    {
                      "k": "updated_at",
                      "v": "2026-04-06T15:22:09Z"
                    },
                    {
                      "k": "url",
                      "v": "https://api.github.com/repos/pockyextrafine/HW2"
                    },
                    {
                      "k": "visibility",
                      "v": "public"
                    },
                    {
                      "k": "watchers",
                      "v": 0.0
                    },
                    {
                      "k": "watchers_count",
                      "v": 0.0
                    },
                    {
                      "k": "web_commit_signoff_required",
                      "v": false
                    }
                  ]
                }
              },
              {
                "k": "sender",
                "v": {
                  "t": 2,
                  "d": [
                    {
                      "k": "avatar_url",
                      "v": "https://avatars.githubusercontent.com/u/143623470?v=4"
                    },
                    {
                      "k": "events_url",
                      "v": "https://api.github.com/users/pockyextrafine/events{/privacy}"
                    },
                    {
                      "k": "followers_url",
                      "v": "https://api.github.com/users/pockyextrafine/followers"
                    },
                    {
                      "k": "following_url",
                      "v": "https://api.github.com/users/pockyextrafine/following{/other_user}"
                    },
                    {
                      "k": "gists_url",
                      "v": "https://api.github.com/users/pockyextrafine/gists{/gist_id}"
                    },
                    {
                      "k": "gravatar_id",
                      "v": ""
                    },
                    {
                      "k": "html_url",
                      "v": "https://github.com/pockyextrafine"
                    },
                    {
                      "k": "id",
                      "v": 143623470.0
                    },
                    {
                      "k": "login",
                      "v": "pockyextrafine"
                    },
                    {
                      "k": "node_id",
                      "v": "U_kgDOCI-FLg"
                    },
                    {
                      "k": "organizations_url",
                      "v": "https://api.github.com/users/pockyextrafine/orgs"
                    },
                    {
                      "k": "received_events_url",
                      "v": "https://api.github.com/users/pockyextrafine/received_events"
                    },
                    {
                      "k": "repos_url",
                      "v": "https://api.github.com/users/pockyextrafine/repos"
                    },
                    {
                      "k": "site_admin",
                      "v": false
                    },
                    {
                      "k": "starred_url",
                      "v": "https://api.github.com/users/pockyextrafine/starred{/owner}{/repo}"
                    },
                    {
                      "k": "subscriptions_url",
                      "v": "https://api.github.com/users/pockyextrafine/subscriptions"
                    },
                    {
                      "k": "type",
                      "v": "User"
                    },
                    {
                      "k": "url",
                      "v": "https://api.github.com/users/pockyextrafine"
                    },
                    {
                      "k": "user_view_type",
                      "v": "public"
                    }
                  ]
                }
              }
            ]
          }
        },
        {
          "k": "workflow_ref",
          "v": "pockyextrafine/HW2/.github/workflows/ci.yml@refs/heads/main"
        },
        {
          "k": "workflow_sha",
          "v": "ceb61f7e86fe662adcb452f518e67360559f469b"
        },
        {
          "k": "repository_id",
          "v": "1202736567"
        },
        {
          "k": "triggering_actor",
          "v": "pockyextrafine"
        }
      ]
    },
    "inputs": {
      "t": 2
    },
    "job": {
      "t": 2,
      "d": [
        {
          "k": "check_run_id",
          "v": 70102008865.0
        }
      ]
    },
    "matrix": null,
    "needs": {
      "t": 2,
      "d": [
        {
          "k": "build-and-push",
          "v": {
            "t": 2,
            "d": [
              {
                "k": "result",
                "v": "success"
              },
              {
                "k": "outputs",
                "v": {
                  "t": 2
                }
              }
            ]
          }
        }
      ]
    },
    "strategy": {
      "t": 2,
      "d": [
        {
          "k": "fail-fast",
          "v": true
        },
        {
          "k": "job-index",
          "v": 0.0
        },
        {
          "k": "job-total",
          "v": 1.0
        },
        {
          "k": "max-parallel",
          "v": 1.0
        }
      ]
    },
    "vars": {
      "t": 2
    }
  },
  "billingOwnerId": "U_kgDOCI-FLg"
}
[2026-04-06 15:26:03Z INFO JobRunner] Job ID 226d5783-a3ad-5555-b423-20848715fb7c
[2026-04-06 15:26:03Z INFO ConfigurationStore] currentAssemblyLocation: C:\Users\oi323\OneDrive\Desktop\HW2\actions-runner\bin\Runner.Worker.dll
[2026-04-06 15:26:03Z INFO HostContext] Well known directory 'Bin': 'C:\Users\oi323\OneDrive\Desktop\HW2\actions-runner\bin'
[2026-04-06 15:26:03Z INFO ConfigurationStore] binPath: C:\Users\oi323\OneDrive\Desktop\HW2\actions-runner\bin
[2026-04-06 15:26:03Z INFO HostContext] Well known directory 'Bin': 'C:\Users\oi323\OneDrive\Desktop\HW2\actions-runner\bin'
[2026-04-06 15:26:03Z INFO HostContext] Well known directory 'Root': 'C:\Users\oi323\OneDrive\Desktop\HW2\actions-runner'
[2026-04-06 15:26:03Z INFO ConfigurationStore] RootFolder: C:\Users\oi323\OneDrive\Desktop\HW2\actions-runner
[2026-04-06 15:26:03Z INFO HostContext] Well known directory 'Bin': 'C:\Users\oi323\OneDrive\Desktop\HW2\actions-runner\bin'
[2026-04-06 15:26:03Z INFO HostContext] Well known directory 'Root': 'C:\Users\oi323\OneDrive\Desktop\HW2\actions-runner'
[2026-04-06 15:26:03Z INFO HostContext] Well known config file 'Runner': 'C:\Users\oi323\OneDrive\Desktop\HW2\actions-runner\.runner'
[2026-04-06 15:26:03Z INFO ConfigurationStore] ConfigFilePath: C:\Users\oi323\OneDrive\Desktop\HW2\actions-runner\.runner
[2026-04-06 15:26:03Z INFO HostContext] Well known directory 'Bin': 'C:\Users\oi323\OneDrive\Desktop\HW2\actions-runner\bin'
[2026-04-06 15:26:03Z INFO HostContext] Well known directory 'Root': 'C:\Users\oi323\OneDrive\Desktop\HW2\actions-runner'
[2026-04-06 15:26:03Z INFO HostContext] Well known config file 'MigratedRunner': 'C:\Users\oi323\OneDrive\Desktop\HW2\actions-runner\.runner_migrated'
[2026-04-06 15:26:03Z INFO ConfigurationStore] MigratedConfigFilePath: C:\Users\oi323\OneDrive\Desktop\HW2\actions-runner\.runner_migrated
[2026-04-06 15:26:03Z INFO HostContext] Well known directory 'Bin': 'C:\Users\oi323\OneDrive\Desktop\HW2\actions-runner\bin'
[2026-04-06 15:26:03Z INFO HostContext] Well known directory 'Root': 'C:\Users\oi323\OneDrive\Desktop\HW2\actions-runner'
[2026-04-06 15:26:03Z INFO HostContext] Well known config file 'Credentials': 'C:\Users\oi323\OneDrive\Desktop\HW2\actions-runner\.credentials'
[2026-04-06 15:26:03Z INFO ConfigurationStore] CredFilePath: C:\Users\oi323\OneDrive\Desktop\HW2\actions-runner\.credentials
[2026-04-06 15:26:03Z INFO HostContext] Well known directory 'Bin': 'C:\Users\oi323\OneDrive\Desktop\HW2\actions-runner\bin'
[2026-04-06 15:26:03Z INFO HostContext] Well known directory 'Root': 'C:\Users\oi323\OneDrive\Desktop\HW2\actions-runner'
[2026-04-06 15:26:03Z INFO HostContext] Well known config file 'MigratedCredentials': 'C:\Users\oi323\OneDrive\Desktop\HW2\actions-runner\.credentials_migrated'
[2026-04-06 15:26:03Z INFO ConfigurationStore] MigratedCredFilePath: C:\Users\oi323\OneDrive\Desktop\HW2\actions-runner\.credentials_migrated
[2026-04-06 15:26:03Z INFO HostContext] Well known directory 'Bin': 'C:\Users\oi323\OneDrive\Desktop\HW2\actions-runner\bin'
[2026-04-06 15:26:03Z INFO HostContext] Well known directory 'Root': 'C:\Users\oi323\OneDrive\Desktop\HW2\actions-runner'
[2026-04-06 15:26:03Z INFO HostContext] Well known config file 'Service': 'C:\Users\oi323\OneDrive\Desktop\HW2\actions-runner\.service'
[2026-04-06 15:26:03Z INFO ConfigurationStore] ServiceConfigFilePath: C:\Users\oi323\OneDrive\Desktop\HW2\actions-runner\.service
[2026-04-06 15:26:03Z INFO ConfigurationStore] Read setting file: 397 chars
[2026-04-06 15:26:03Z INFO JobRunner] Initializing launch client
[2026-04-06 15:26:03Z INFO JobServerQueue] Initializing results client
[2026-04-06 15:26:03Z INFO ResultServer] Creating websocket client ...wss://results-receiver.actions.githubusercontent.com/_ws/ingest.sock
[2026-04-06 15:26:03Z INFO ResultServer] Attempting to start websocket client with delay 00:00:00.
[2026-04-06 15:26:03Z INFO JobServerQueue] Start process web console line queue.
[2026-04-06 15:26:03Z INFO JobServerQueue] Start process file upload queue.
[2026-04-06 15:26:03Z INFO JobServerQueue] Start results file upload queue.
[2026-04-06 15:26:03Z INFO JobServerQueue] Starting results-based upload queue...
[2026-04-06 15:26:03Z INFO JobServerQueue] Start process timeline update queue.
[2026-04-06 15:26:03Z INFO ExecutionContext] Initializing Job context
[2026-04-06 15:26:03Z INFO ExecutionContext] Initialize GitHub context
[2026-04-06 15:26:03Z INFO ExecutionContext] Initialize Env context
[2026-04-06 15:26:03Z INFO HostContext] Well known directory 'Bin': 'C:\Users\oi323\OneDrive\Desktop\HW2\actions-runner\bin'
[2026-04-06 15:26:03Z INFO HostContext] Well known directory 'Root': 'C:\Users\oi323\OneDrive\Desktop\HW2\actions-runner'
[2026-04-06 15:26:03Z INFO HostContext] Well known directory 'Diag': 'C:\Users\oi323\OneDrive\Desktop\HW2\actions-runner\_diag'
[2026-04-06 15:26:03Z INFO HostContext] Well known directory 'Bin': 'C:\Users\oi323\OneDrive\Desktop\HW2\actions-runner\bin'
[2026-04-06 15:26:03Z INFO HostContext] Well known directory 'Root': 'C:\Users\oi323\OneDrive\Desktop\HW2\actions-runner'
[2026-04-06 15:26:03Z INFO HostContext] Well known directory 'Diag': 'C:\Users\oi323\OneDrive\Desktop\HW2\actions-runner\_diag'
[2026-04-06 15:26:03Z INFO JobRunner] Starting the job execution context.
[2026-04-06 15:26:03Z INFO HostContext] Well known directory 'Bin': 'C:\Users\oi323\OneDrive\Desktop\HW2\actions-runner\bin'
[2026-04-06 15:26:03Z INFO HostContext] Well known directory 'Root': 'C:\Users\oi323\OneDrive\Desktop\HW2\actions-runner'
[2026-04-06 15:26:03Z INFO HostContext] Well known directory 'Work': 'C:\Users\oi323\OneDrive\Desktop\HW2\actions-runner\_work'
[2026-04-06 15:26:03Z INFO JobRunner] Validating directory permissions for: 'C:\Users\oi323\OneDrive\Desktop\HW2\actions-runner\_work'
[2026-04-06 15:26:03Z INFO HostContext] Well known directory 'Bin': 'C:\Users\oi323\OneDrive\Desktop\HW2\actions-runner\bin'
[2026-04-06 15:26:03Z INFO HostContext] Well known directory 'Root': 'C:\Users\oi323\OneDrive\Desktop\HW2\actions-runner'
[2026-04-06 15:26:03Z INFO HostContext] Well known directory 'Work': 'C:\Users\oi323\OneDrive\Desktop\HW2\actions-runner\_work'
[2026-04-06 15:26:03Z INFO HostContext] Well known directory 'Tools': 'C:\Users\oi323\OneDrive\Desktop\HW2\actions-runner\_work\_tool'
[2026-04-06 15:26:03Z INFO HostContext] Well known directory 'Bin': 'C:\Users\oi323\OneDrive\Desktop\HW2\actions-runner\bin'
[2026-04-06 15:26:03Z INFO HostContext] Well known directory 'Root': 'C:\Users\oi323\OneDrive\Desktop\HW2\actions-runner'
[2026-04-06 15:26:03Z INFO HostContext] Well known directory 'Work': 'C:\Users\oi323\OneDrive\Desktop\HW2\actions-runner\_work'
[2026-04-06 15:26:03Z INFO HostContext] Well known directory 'Temp': 'C:\Users\oi323\OneDrive\Desktop\HW2\actions-runner\_work\_temp'
[2026-04-06 15:26:03Z INFO JobRunner] Getting job extension.
[2026-04-06 15:26:03Z INFO JobRunner] Initialize job. Getting all job steps.
[2026-04-06 15:26:03Z INFO HostContext] Well known directory 'Bin': 'C:\Users\oi323\OneDrive\Desktop\HW2\actions-runner\bin'
[2026-04-06 15:26:03Z INFO HostContext] Well known directory 'Root': 'C:\Users\oi323\OneDrive\Desktop\HW2\actions-runner'
[2026-04-06 15:26:03Z INFO HostContext] Well known directory 'Diag': 'C:\Users\oi323\OneDrive\Desktop\HW2\actions-runner\_diag'
[2026-04-06 15:26:03Z INFO HostContext] Well known directory 'Bin': 'C:\Users\oi323\OneDrive\Desktop\HW2\actions-runner\bin'
[2026-04-06 15:26:03Z INFO HostContext] Well known directory 'Root': 'C:\Users\oi323\OneDrive\Desktop\HW2\actions-runner'
[2026-04-06 15:26:03Z INFO HostContext] Well known directory 'Diag': 'C:\Users\oi323\OneDrive\Desktop\HW2\actions-runner\_diag'
[2026-04-06 15:26:03Z INFO HostContext] Well known directory 'Bin': 'C:\Users\oi323\OneDrive\Desktop\HW2\actions-runner\bin'
[2026-04-06 15:26:03Z INFO HostContext] Well known directory 'Root': 'C:\Users\oi323\OneDrive\Desktop\HW2\actions-runner'
[2026-04-06 15:26:03Z INFO HostContext] Well known config file 'Credentials': 'C:\Users\oi323\OneDrive\Desktop\HW2\actions-runner\.credentials'
[2026-04-06 15:26:03Z INFO HostContext] Well known directory 'Bin': 'C:\Users\oi323\OneDrive\Desktop\HW2\actions-runner\bin'
[2026-04-06 15:26:03Z INFO HostContext] Well known directory 'Root': 'C:\Users\oi323\OneDrive\Desktop\HW2\actions-runner'
[2026-04-06 15:26:03Z INFO HostContext] Well known config file 'SetupInfo': 'C:\Users\oi323\OneDrive\Desktop\HW2\actions-runner\.setup_info'
[2026-04-06 15:26:03Z INFO HostContext] Well known directory 'Bin': 'C:\Users\oi323\OneDrive\Desktop\HW2\actions-runner\bin'
[2026-04-06 15:26:03Z INFO HostContext] Well known directory 'Root': 'C:\Users\oi323\OneDrive\Desktop\HW2\actions-runner'
[2026-04-06 15:26:03Z INFO HostContext] Well known directory 'Work': 'C:\Users\oi323\OneDrive\Desktop\HW2\actions-runner\_work'
[2026-04-06 15:26:03Z INFO PipelineDirectoryManager] Loading tracking config if exists: C:\Users\oi323\OneDrive\Desktop\HW2\actions-runner\_work\_PipelineMapping\pockyextrafine/HW2\PipelineFolder.json
[2026-04-06 15:26:03Z INFO PipelineDirectoryManager] Updating job run properties.
[2026-04-06 15:26:03Z INFO HostContext] Well known directory 'Bin': 'C:\Users\oi323\OneDrive\Desktop\HW2\actions-runner\bin'
[2026-04-06 15:26:03Z INFO HostContext] Well known directory 'Root': 'C:\Users\oi323\OneDrive\Desktop\HW2\actions-runner'
[2026-04-06 15:26:03Z INFO HostContext] Well known directory 'Work': 'C:\Users\oi323\OneDrive\Desktop\HW2\actions-runner\_work'
[2026-04-06 15:26:03Z INFO HostContext] Well known directory 'Bin': 'C:\Users\oi323\OneDrive\Desktop\HW2\actions-runner\bin'
[2026-04-06 15:26:03Z INFO HostContext] Well known directory 'Root': 'C:\Users\oi323\OneDrive\Desktop\HW2\actions-runner'
[2026-04-06 15:26:03Z INFO HostContext] Well known directory 'Work': 'C:\Users\oi323\OneDrive\Desktop\HW2\actions-runner\_work'
[2026-04-06 15:26:03Z INFO HostContext] Well known directory 'Bin': 'C:\Users\oi323\OneDrive\Desktop\HW2\actions-runner\bin'
[2026-04-06 15:26:03Z INFO HostContext] Well known directory 'Root': 'C:\Users\oi323\OneDrive\Desktop\HW2\actions-runner'
[2026-04-06 15:26:03Z INFO HostContext] Well known directory 'Work': 'C:\Users\oi323\OneDrive\Desktop\HW2\actions-runner\_work'
[2026-04-06 15:26:03Z INFO JobExtension] Downloading actions
[2026-04-06 15:26:03Z INFO HostContext] Well known directory 'Bin': 'C:\Users\oi323\OneDrive\Desktop\HW2\actions-runner\bin'
[2026-04-06 15:26:03Z INFO HostContext] Well known directory 'Root': 'C:\Users\oi323\OneDrive\Desktop\HW2\actions-runner'
[2026-04-06 15:26:03Z INFO HostContext] Well known directory 'Work': 'C:\Users\oi323\OneDrive\Desktop\HW2\actions-runner\_work'
[2026-04-06 15:26:03Z INFO HostContext] Well known directory 'Actions': 'C:\Users\oi323\OneDrive\Desktop\HW2\actions-runner\_work\_actions'
[2026-04-06 15:26:03Z INFO Worker] Listening for cancel message from the channel.
[2026-04-06 15:26:03Z INFO Worker] Waiting for the job to complete or for a cancel message from the channel.
[2026-04-06 15:26:04Z INFO ResultServer] Successfully started websocket client.
[2026-04-06 15:26:04Z INFO JobServerQueue] Try to append 1 batches web console lines for record 'd197221b-f64c-42a8-b941-d57988beb7f6', success rate: 1/1.
[2026-04-06 15:26:04Z INFO HostContext] Well known directory 'Bin': 'C:\Users\oi323\OneDrive\Desktop\HW2\actions-runner\bin'
[2026-04-06 15:26:04Z INFO HostContext] Well known directory 'Root': 'C:\Users\oi323\OneDrive\Desktop\HW2\actions-runner'
[2026-04-06 15:26:04Z INFO HostContext] Well known directory 'Work': 'C:\Users\oi323\OneDrive\Desktop\HW2\actions-runner\_work'
[2026-04-06 15:26:04Z INFO HostContext] Well known directory 'Actions': 'C:\Users\oi323\OneDrive\Desktop\HW2\actions-runner\_work\_actions'
[2026-04-06 15:26:04Z INFO HostContext] Well known directory 'Bin': 'C:\Users\oi323\OneDrive\Desktop\HW2\actions-runner\bin'
[2026-04-06 15:26:04Z INFO HostContext] Well known directory 'Root': 'C:\Users\oi323\OneDrive\Desktop\HW2\actions-runner'
[2026-04-06 15:26:04Z INFO HostContext] Well known directory 'Work': 'C:\Users\oi323\OneDrive\Desktop\HW2\actions-runner\_work'
[2026-04-06 15:26:04Z INFO HostContext] Well known directory 'Actions': 'C:\Users\oi323\OneDrive\Desktop\HW2\actions-runner\_work\_actions'
[2026-04-06 15:26:04Z INFO ActionManager] Save archive 'https://api.github.com/repos/docker/login-action/zipball/c94ce9fb468520275223c153574b00df6fe4bcc9' into C:\Users\oi323\OneDrive\Desktop\HW2\actions-runner\_work\_actions\_temp_5627339a-044a-46f4-a1fb-881df93ff956\35dba52e-0030-468b-9782-863e88d1166d.zip.
[2026-04-06 15:26:04Z INFO JobServerQueue] Try to append 1 batches web console lines for record 'd197221b-f64c-42a8-b941-d57988beb7f6', success rate: 1/1.
[2026-04-06 15:26:04Z INFO JobServerQueue] Job timeline record has been updated for the first time.
[2026-04-06 15:26:05Z INFO ActionManager] Request URL: https://api.github.com/repos/docker/login-action/zipball/c94ce9fb468520275223c153574b00df6fe4bcc9 X-GitHub-Request-Id: D06B:2D028B:3780E:2D0996:69D3D08F Http Status: OK
[2026-04-06 15:26:05Z INFO ActionManager] Finished getting action repository.
[2026-04-06 15:26:05Z INFO HostContext] Well known directory 'Bin': 'C:\Users\oi323\OneDrive\Desktop\HW2\actions-runner\bin'
[2026-04-06 15:26:05Z INFO HostContext] Well known directory 'Root': 'C:\Users\oi323\OneDrive\Desktop\HW2\actions-runner'
[2026-04-06 15:26:05Z INFO HostContext] Well known directory 'Work': 'C:\Users\oi323\OneDrive\Desktop\HW2\actions-runner\_work'
[2026-04-06 15:26:05Z INFO HostContext] Well known directory 'Actions': 'C:\Users\oi323\OneDrive\Desktop\HW2\actions-runner\_work\_actions'
[2026-04-06 15:26:05Z INFO ActionManifestManagerLegacy] Load schema file with definitions: [
  "null",
  "boolean",
  "number",
  "string",
  "sequence",
  "mapping",
  "any",
  "action-root",
  "inputs",
  "input",
  "outputs",
  "output-definition",
  "runs",
  "container-runs",
  "container-runs-args",
  "container-runs-env",
  "node-runs",
  "plugin-runs",
  "composite-runs",
  "composite-steps",
  "composite-step",
  "run-step",
  "uses-step",
  "container-runs-context",
  "output-value",
  "input-default-context",
  "non-empty-string",
  "string-steps-context",
  "boolean-steps-context",
  "step-env",
  "step-if",
  "step-with"
]
[2026-04-06 15:26:05Z INFO ActionManifestManager] Load schema file with definitions: [
  "null",
  "boolean",
  "number",
  "string",
  "sequence",
  "mapping",
  "any",
  "action-root",
  "inputs",
  "input",
  "outputs",
  "output-definition",
  "runs",
  "container-runs",
  "container-runs-args",
  "container-runs-env",
  "node-runs",
  "plugin-runs",
  "composite-runs",
  "composite-steps",
  "composite-step",
  "run-step",
  "uses-step",
  "container-runs-context",
  "output-value",
  "input-default-context",
  "non-empty-string",
  "string-steps-context",
  "boolean-steps-context",
  "step-env",
  "step-if",
  "step-with"
]
[2026-04-06 15:26:05Z INFO HostContext] Well known directory 'Bin': 'C:\Users\oi323\OneDrive\Desktop\HW2\actions-runner\bin'
[2026-04-06 15:26:05Z INFO HostContext] Well known directory 'Root': 'C:\Users\oi323\OneDrive\Desktop\HW2\actions-runner'
[2026-04-06 15:26:05Z INFO HostContext] Well known directory 'Work': 'C:\Users\oi323\OneDrive\Desktop\HW2\actions-runner\_work'
[2026-04-06 15:26:05Z INFO HostContext] Well known directory 'Actions': 'C:\Users\oi323\OneDrive\Desktop\HW2\actions-runner\_work\_actions'
[2026-04-06 15:26:05Z INFO ActionManifestManagerLegacy] Ignore action property author.
[2026-04-06 15:26:05Z INFO ActionManifestManagerLegacy] Ignore action property branding.
[2026-04-06 15:26:05Z INFO ActionManifestManagerLegacy] Loaded action.yml file: {
  "name": "Docker Login",
  "description": "GitHub Action to login against a Docker registry",
  "inputs": {
    "type": 2,
    "map": [
      {
        "key": {
          "type": 0,
          "file": 2,
          "line": 10,
          "col": 3,
          "lit": "registry"
        },
        "value": ""
      },
      {
        "key": {
          "type": 0,
          "file": 2,
          "line": 13,
          "col": 3,
          "lit": "username"
        },
        "value": ""
      },
      {
        "key": {
          "type": 0,
          "file": 2,
          "line": 16,
          "col": 3,
          "lit": "password"
        },
        "value": ""
      },
      {
        "key": {
          "type": 0,
          "file": 2,
          "line": 19,
          "col": 3,
          "lit": "ecr"
        },
        "value": ""
      },
      {
        "key": {
          "type": 0,
          "file": 2,
          "line": 22,
          "col": 3,
          "lit": "scope"
        },
        "value": ""
      },
      {
        "key": {
          "type": 0,
          "file": 2,
          "line": 25,
          "col": 3,
          "lit": "logout"
        },
        "value": {
          "type": 0,
          "file": 2,
          "line": 27,
          "col": 14,
          "lit": "true"
        }
      },
      {
        "key": {
          "type": 0,
          "file": 2,
          "line": 29,
          "col": 3,
          "lit": "registry-auth"
        },
        "value": ""
      }
    ]
  },
  "execution": {
    "executionType": "nodeJS",
    "hasPre": false,
    "hasPost": true,
    "script": "dist/index.js",
    "pre": null,
    "post": "dist/index.js",
    "nodeVersion": "node20",
    "cleanupCondition": "always()",
    "initCondition": "always()"
  },
  "deprecated": null
}
[2026-04-06 15:26:05Z INFO ActionManager] Action node.js file: dist/index.js, no more preparation.
[2026-04-06 15:26:05Z INFO HostContext] Well known directory 'Bin': 'C:\Users\oi323\OneDrive\Desktop\HW2\actions-runner\bin'
[2026-04-06 15:26:05Z INFO HostContext] Well known directory 'Root': 'C:\Users\oi323\OneDrive\Desktop\HW2\actions-runner'
[2026-04-06 15:26:05Z INFO HostContext] Well known directory 'Work': 'C:\Users\oi323\OneDrive\Desktop\HW2\actions-runner\_work'
[2026-04-06 15:26:05Z INFO HostContext] Well known directory 'Actions': 'C:\Users\oi323\OneDrive\Desktop\HW2\actions-runner\_work\_actions'
[2026-04-06 15:26:05Z INFO ActionManager] Load action that reference repository from 'C:\Users\oi323\OneDrive\Desktop\HW2\actions-runner\_work\_actions\docker\login-action\v3'
[2026-04-06 15:26:05Z INFO HostContext] Well known directory 'Bin': 'C:\Users\oi323\OneDrive\Desktop\HW2\actions-runner\bin'
[2026-04-06 15:26:05Z INFO HostContext] Well known directory 'Root': 'C:\Users\oi323\OneDrive\Desktop\HW2\actions-runner'
[2026-04-06 15:26:05Z INFO HostContext] Well known directory 'Work': 'C:\Users\oi323\OneDrive\Desktop\HW2\actions-runner\_work'
[2026-04-06 15:26:05Z INFO HostContext] Well known directory 'Actions': 'C:\Users\oi323\OneDrive\Desktop\HW2\actions-runner\_work\_actions'
[2026-04-06 15:26:05Z INFO ActionManifestManagerLegacy] Ignore action property author.
[2026-04-06 15:26:05Z INFO ActionManifestManagerLegacy] Ignore action property branding.
[2026-04-06 15:26:05Z INFO ActionManifestManagerLegacy] Loaded action.yml file: {
  "name": "Docker Login",
  "description": "GitHub Action to login against a Docker registry",
  "inputs": {
    "type": 2,
    "map": [
      {
        "key": {
          "type": 0,
          "file": 2,
          "line": 10,
          "col": 3,
          "lit": "registry"
        },
        "value": ""
      },
      {
        "key": {
          "type": 0,
          "file": 2,
          "line": 13,
          "col": 3,
          "lit": "username"
        },
        "value": ""
      },
      {
        "key": {
          "type": 0,
          "file": 2,
          "line": 16,
          "col": 3,
          "lit": "password"
        },
        "value": ""
      },
      {
        "key": {
          "type": 0,
          "file": 2,
          "line": 19,
          "col": 3,
          "lit": "ecr"
        },
        "value": ""
      },
      {
        "key": {
          "type": 0,
          "file": 2,
          "line": 22,
          "col": 3,
          "lit": "scope"
        },
        "value": ""
      },
      {
        "key": {
          "type": 0,
          "file": 2,
          "line": 25,
          "col": 3,
          "lit": "logout"
        },
        "value": {
          "type": 0,
          "file": 2,
          "line": 27,
          "col": 14,
          "lit": "true"
        }
      },
      {
        "key": {
          "type": 0,
          "file": 2,
          "line": 29,
          "col": 3,
          "lit": "registry-auth"
        },
        "value": ""
      }
    ]
  },
  "execution": {
    "executionType": "nodeJS",
    "hasPre": false,
    "hasPost": true,
    "script": "dist/index.js",
    "pre": null,
    "post": "dist/index.js",
    "nodeVersion": "node20",
    "cleanupCondition": "always()",
    "initCondition": "always()"
  },
  "deprecated": null
}
[2026-04-06 15:26:05Z INFO ActionManager] Action pre node.js file: N/A.
[2026-04-06 15:26:05Z INFO ActionManager] Action node.js file: dist/index.js.
[2026-04-06 15:26:05Z INFO ActionManager] Action post node.js file: dist/index.js.
[2026-04-06 15:26:05Z INFO JobExtension] Adding .
[2026-04-06 15:26:05Z INFO JobExtension] Adding .
[2026-04-06 15:26:05Z INFO JobExtension] Adding .
[2026-04-06 15:26:05Z INFO JobExtension] Adding .
[2026-04-06 15:26:05Z INFO HostContext] Well known directory 'Bin': 'C:\Users\oi323\OneDrive\Desktop\HW2\actions-runner\bin'
[2026-04-06 15:26:05Z INFO HostContext] Well known directory 'Root': 'C:\Users\oi323\OneDrive\Desktop\HW2\actions-runner'
[2026-04-06 15:26:05Z INFO HostContext] Well known directory 'Diag': 'C:\Users\oi323\OneDrive\Desktop\HW2\actions-runner\_diag'
[2026-04-06 15:26:05Z INFO HostContext] Well known directory 'Bin': 'C:\Users\oi323\OneDrive\Desktop\HW2\actions-runner\bin'
[2026-04-06 15:26:05Z INFO HostContext] Well known directory 'Root': 'C:\Users\oi323\OneDrive\Desktop\HW2\actions-runner'
[2026-04-06 15:26:05Z INFO HostContext] Well known directory 'Diag': 'C:\Users\oi323\OneDrive\Desktop\HW2\actions-runner\_diag'
[2026-04-06 15:26:05Z INFO HostContext] Well known directory 'Bin': 'C:\Users\oi323\OneDrive\Desktop\HW2\actions-runner\bin'
[2026-04-06 15:26:05Z INFO HostContext] Well known directory 'Root': 'C:\Users\oi323\OneDrive\Desktop\HW2\actions-runner'
[2026-04-06 15:26:05Z INFO HostContext] Well known directory 'Diag': 'C:\Users\oi323\OneDrive\Desktop\HW2\actions-runner\_diag'
[2026-04-06 15:26:05Z INFO HostContext] Well known directory 'Bin': 'C:\Users\oi323\OneDrive\Desktop\HW2\actions-runner\bin'
[2026-04-06 15:26:05Z INFO HostContext] Well known directory 'Root': 'C:\Users\oi323\OneDrive\Desktop\HW2\actions-runner'
[2026-04-06 15:26:05Z INFO HostContext] Well known directory 'Diag': 'C:\Users\oi323\OneDrive\Desktop\HW2\actions-runner\_diag'
[2026-04-06 15:26:05Z INFO HostContext] Well known directory 'Bin': 'C:\Users\oi323\OneDrive\Desktop\HW2\actions-runner\bin'
[2026-04-06 15:26:05Z INFO HostContext] Well known directory 'Root': 'C:\Users\oi323\OneDrive\Desktop\HW2\actions-runner'
[2026-04-06 15:26:05Z INFO HostContext] Well known directory 'Diag': 'C:\Users\oi323\OneDrive\Desktop\HW2\actions-runner\_diag'
[2026-04-06 15:26:05Z INFO HostContext] Well known directory 'Bin': 'C:\Users\oi323\OneDrive\Desktop\HW2\actions-runner\bin'
[2026-04-06 15:26:05Z INFO HostContext] Well known directory 'Root': 'C:\Users\oi323\OneDrive\Desktop\HW2\actions-runner'
[2026-04-06 15:26:05Z INFO HostContext] Well known directory 'Diag': 'C:\Users\oi323\OneDrive\Desktop\HW2\actions-runner\_diag'
[2026-04-06 15:26:05Z INFO HostContext] Well known directory 'Bin': 'C:\Users\oi323\OneDrive\Desktop\HW2\actions-runner\bin'
[2026-04-06 15:26:05Z INFO HostContext] Well known directory 'Root': 'C:\Users\oi323\OneDrive\Desktop\HW2\actions-runner'
[2026-04-06 15:26:05Z INFO HostContext] Well known directory 'Diag': 'C:\Users\oi323\OneDrive\Desktop\HW2\actions-runner\_diag'
[2026-04-06 15:26:05Z INFO HostContext] Well known directory 'Bin': 'C:\Users\oi323\OneDrive\Desktop\HW2\actions-runner\bin'
[2026-04-06 15:26:05Z INFO HostContext] Well known directory 'Root': 'C:\Users\oi323\OneDrive\Desktop\HW2\actions-runner'
[2026-04-06 15:26:05Z INFO HostContext] Well known directory 'Diag': 'C:\Users\oi323\OneDrive\Desktop\HW2\actions-runner\_diag'
[2026-04-06 15:26:05Z INFO JobExtension] Total accessible running process: 347.
[2026-04-06 15:26:05Z INFO HostContext] Well known directory 'Bin': 'C:\Users\oi323\OneDrive\Desktop\HW2\actions-runner\bin'
[2026-04-06 15:26:05Z INFO HostContext] Well known directory 'Root': 'C:\Users\oi323\OneDrive\Desktop\HW2\actions-runner'
[2026-04-06 15:26:05Z INFO HostContext] Well known directory 'Work': 'C:\Users\oi323\OneDrive\Desktop\HW2\actions-runner\_work'
[2026-04-06 15:26:05Z INFO JobExtension] Start checking server connectivity.
[2026-04-06 15:26:05Z INFO JobExtension] Check server connectivity for https://broker.actions.githubusercontent.com/health.
[2026-04-06 15:26:05Z INFO JobExtension] Check server connectivity for https://token.actions.githubusercontent.com/ready.
[2026-04-06 15:26:05Z INFO JobExtension] Check server connectivity for https://run.actions.githubusercontent.com/health.
[2026-04-06 15:26:05Z INFO JobExtension] Start checking service connectivity in background.
[2026-04-06 15:26:05Z INFO ExecutionContext] Publish step telemetry for current step {
  "action": "setup_job",
  "type": "runner",
  "stage": "Pre",
  "stepId": "d197221b-f64c-42a8-b941-d57988beb7f6",
  "result": "succeeded",
  "errorMessages": [],
  "executionTimeInSeconds": 2,
  "startTime": "2026-04-06T15:26:03.6288268Z",
  "finishTime": "2026-04-06T15:26:05.3808534Z"
}.
[2026-04-06 15:26:05Z INFO JobRunner] Total job steps: 4.
[2026-04-06 15:26:05Z INFO JobRunner] Run all job steps.
[2026-04-06 15:26:05Z INFO StepsRunner] Processing step: DisplayName='Login to Docker Hub'
[2026-04-06 15:26:05Z INFO StepsRunner] Evaluating: success()
[2026-04-06 15:26:05Z INFO StepsRunner] Result: true
[2026-04-06 15:26:05Z INFO StepsRunner] Starting the step.
[2026-04-06 15:26:05Z INFO HostContext] Well known directory 'Bin': 'C:\Users\oi323\OneDrive\Desktop\HW2\actions-runner\bin'
[2026-04-06 15:26:05Z INFO HostContext] Well known directory 'Root': 'C:\Users\oi323\OneDrive\Desktop\HW2\actions-runner'
[2026-04-06 15:26:05Z INFO HostContext] Well known directory 'Work': 'C:\Users\oi323\OneDrive\Desktop\HW2\actions-runner\_work'
[2026-04-06 15:26:05Z INFO StepsRunner] Which2: 'chcp'
[2026-04-06 15:26:05Z INFO StepsRunner] Location: 'C:\Windows\System32\chcp.COM'
[2026-04-06 15:26:05Z INFO ProcessInvokerWrapper] Starting process:
[2026-04-06 15:26:05Z INFO ProcessInvokerWrapper]   File name: 'C:\Windows\System32\chcp.COM'
[2026-04-06 15:26:05Z INFO ProcessInvokerWrapper]   Arguments: '65001'
[2026-04-06 15:26:05Z INFO ProcessInvokerWrapper]   Working directory: 'C:\Users\oi323\OneDrive\Desktop\HW2\actions-runner\_work'
[2026-04-06 15:26:05Z INFO ProcessInvokerWrapper]   Require exit code zero: 'False'
[2026-04-06 15:26:05Z INFO ProcessInvokerWrapper]   Encoding web name:  ; code page: ''
[2026-04-06 15:26:05Z INFO ProcessInvokerWrapper]   Force kill process on cancellation: 'False'
[2026-04-06 15:26:05Z INFO ProcessInvokerWrapper]   Redirected STDIN: 'False'
[2026-04-06 15:26:05Z INFO ProcessInvokerWrapper]   Persist current code page: 'True'
[2026-04-06 15:26:05Z INFO ProcessInvokerWrapper]   Keep redirected STDIN open: 'False'
[2026-04-06 15:26:05Z INFO ProcessInvokerWrapper]   High priority process: 'False'
[2026-04-06 15:26:05Z INFO ProcessInvokerWrapper] Process started with process id 32812, waiting for process exit.
[2026-04-06 15:26:05Z INFO ProcessInvokerWrapper] STDOUT/STDERR stream read finished.
[2026-04-06 15:26:05Z INFO ProcessInvokerWrapper] STDOUT/STDERR stream read finished.
[2026-04-06 15:26:05Z INFO ProcessInvokerWrapper] Finished process 32812 with exit code 0, and elapsed time 00:00:00.0264258.
[2026-04-06 15:26:05Z INFO StepsRunner] Successfully returned to code page 65001 (UTF8)
[2026-04-06 15:26:05Z INFO HostContext] Well known directory 'Bin': 'C:\Users\oi323\OneDrive\Desktop\HW2\actions-runner\bin'
[2026-04-06 15:26:05Z INFO HostContext] Well known directory 'Root': 'C:\Users\oi323\OneDrive\Desktop\HW2\actions-runner'
[2026-04-06 15:26:05Z INFO HostContext] Well known directory 'Work': 'C:\Users\oi323\OneDrive\Desktop\HW2\actions-runner\_work'
[2026-04-06 15:26:05Z INFO HostContext] Well known directory 'Actions': 'C:\Users\oi323\OneDrive\Desktop\HW2\actions-runner\_work\_actions'
[2026-04-06 15:26:05Z INFO ActionManager] Load action that reference repository from 'C:\Users\oi323\OneDrive\Desktop\HW2\actions-runner\_work\_actions\docker\login-action\v3'
[2026-04-06 15:26:05Z INFO HostContext] Well known directory 'Bin': 'C:\Users\oi323\OneDrive\Desktop\HW2\actions-runner\bin'
[2026-04-06 15:26:05Z INFO HostContext] Well known directory 'Root': 'C:\Users\oi323\OneDrive\Desktop\HW2\actions-runner'
[2026-04-06 15:26:05Z INFO HostContext] Well known directory 'Work': 'C:\Users\oi323\OneDrive\Desktop\HW2\actions-runner\_work'
[2026-04-06 15:26:05Z INFO HostContext] Well known directory 'Actions': 'C:\Users\oi323\OneDrive\Desktop\HW2\actions-runner\_work\_actions'
[2026-04-06 15:26:05Z INFO ActionManifestManagerLegacy] Ignore action property author.
[2026-04-06 15:26:05Z INFO ActionManifestManagerLegacy] Ignore action property branding.
[2026-04-06 15:26:05Z INFO ActionManifestManagerLegacy] Loaded action.yml file: {
  "name": "Docker Login",
  "description": "GitHub Action to login against a Docker registry",
  "inputs": {
    "type": 2,
    "map": [
      {
        "key": {
          "type": 0,
          "file": 2,
          "line": 10,
          "col": 3,
          "lit": "registry"
        },
        "value": ""
      },
      {
        "key": {
          "type": 0,
          "file": 2,
          "line": 13,
          "col": 3,
          "lit": "username"
        },
        "value": ""
      },
      {
        "key": {
          "type": 0,
          "file": 2,
          "line": 16,
          "col": 3,
          "lit": "password"
        },
        "value": ""
      },
      {
        "key": {
          "type": 0,
          "file": 2,
          "line": 19,
          "col": 3,
          "lit": "ecr"
        },
        "value": ""
      },
      {
        "key": {
          "type": 0,
          "file": 2,
          "line": 22,
          "col": 3,
          "lit": "scope"
        },
        "value": ""
      },
      {
        "key": {
          "type": 0,
          "file": 2,
          "line": 25,
          "col": 3,
          "lit": "logout"
        },
        "value": {
          "type": 0,
          "file": 2,
          "line": 27,
          "col": 14,
          "lit": "true"
        }
      },
      {
        "key": {
          "type": 0,
          "file": 2,
          "line": 29,
          "col": 3,
          "lit": "registry-auth"
        },
        "value": ""
      }
    ]
  },
  "execution": {
    "executionType": "nodeJS",
    "hasPre": false,
    "hasPost": true,
    "script": "dist/index.js",
    "pre": null,
    "post": "dist/index.js",
    "nodeVersion": "node20",
    "cleanupCondition": "always()",
    "initCondition": "always()"
  },
  "deprecated": null
}
[2026-04-06 15:26:05Z INFO ActionManager] Action pre node.js file: N/A.
[2026-04-06 15:26:05Z INFO ActionManager] Action node.js file: dist/index.js.
[2026-04-06 15:26:05Z INFO ActionManager] Action post node.js file: dist/index.js.
[2026-04-06 15:26:05Z INFO ExecutionContext] Reserve record order 6 to 10 for post job actions.
[2026-04-06 15:26:05Z INFO HostContext] Well known directory 'Bin': 'C:\Users\oi323\OneDrive\Desktop\HW2\actions-runner\bin'
[2026-04-06 15:26:05Z INFO HostContext] Well known directory 'Root': 'C:\Users\oi323\OneDrive\Desktop\HW2\actions-runner'
[2026-04-06 15:26:05Z INFO HostContext] Well known directory 'Diag': 'C:\Users\oi323\OneDrive\Desktop\HW2\actions-runner\_diag'
[2026-04-06 15:26:05Z INFO HostContext] Well known directory 'Bin': 'C:\Users\oi323\OneDrive\Desktop\HW2\actions-runner\bin'
[2026-04-06 15:26:05Z INFO HostContext] Well known directory 'Root': 'C:\Users\oi323\OneDrive\Desktop\HW2\actions-runner'
[2026-04-06 15:26:05Z INFO HostContext] Well known directory 'Diag': 'C:\Users\oi323\OneDrive\Desktop\HW2\actions-runner\_diag'
[2026-04-06 15:26:05Z INFO HostContext] Well known directory 'Bin': 'C:\Users\oi323\OneDrive\Desktop\HW2\actions-runner\bin'
[2026-04-06 15:26:05Z INFO HostContext] Well known directory 'Root': 'C:\Users\oi323\OneDrive\Desktop\HW2\actions-runner'
[2026-04-06 15:26:05Z INFO HostContext] Well known directory 'Work': 'C:\Users\oi323\OneDrive\Desktop\HW2\actions-runner\_work'
[2026-04-06 15:26:05Z INFO HostContext] Well known directory 'Temp': 'C:\Users\oi323\OneDrive\Desktop\HW2\actions-runner\_work\_temp'
[2026-04-06 15:26:05Z INFO ExecutionContext] Write event payload to C:\Users\oi323\OneDrive\Desktop\HW2\actions-runner\_work\_temp\_github_workflow\event.json
[2026-04-06 15:26:05Z INFO HostContext] Well known directory 'Bin': 'C:\Users\oi323\OneDrive\Desktop\HW2\actions-runner\bin'
[2026-04-06 15:26:05Z INFO HostContext] Well known directory 'Root': 'C:\Users\oi323\OneDrive\Desktop\HW2\actions-runner'
[2026-04-06 15:26:05Z INFO HostContext] Well known directory 'Work': 'C:\Users\oi323\OneDrive\Desktop\HW2\actions-runner\_work'
[2026-04-06 15:26:05Z INFO HostContext] Well known directory 'Temp': 'C:\Users\oi323\OneDrive\Desktop\HW2\actions-runner\_work\_temp'
[2026-04-06 15:26:05Z INFO ExtensionManager] Getting extensions for interface: 'GitHub.Runner.Worker.IFileCommandExtension'
[2026-04-06 15:26:05Z INFO ExtensionManager] Creating instance: GitHub.Runner.Worker.AddPathFileCommand, Runner.Worker
[2026-04-06 15:26:05Z INFO ExtensionManager] Creating instance: GitHub.Runner.Worker.SetEnvFileCommand, Runner.Worker
[2026-04-06 15:26:05Z INFO ExtensionManager] Creating instance: GitHub.Runner.Worker.CreateStepSummaryCommand, Runner.Worker
[2026-04-06 15:26:05Z INFO ExtensionManager] Creating instance: GitHub.Runner.Worker.SaveStateFileCommand, Runner.Worker
[2026-04-06 15:26:05Z INFO ExtensionManager] Creating instance: GitHub.Runner.Worker.SetOutputFileCommand, Runner.Worker
[2026-04-06 15:26:05Z INFO ActionManifestManagerLegacy] Input 'registry': default value evaluate result: ""
[2026-04-06 15:26:05Z INFO ActionManifestManagerLegacy] Input 'ecr': default value evaluate result: ""
[2026-04-06 15:26:05Z INFO ActionManifestManagerLegacy] Input 'scope': default value evaluate result: ""
[2026-04-06 15:26:05Z INFO ActionManifestManagerLegacy] Input 'logout': default value evaluate result: {
  "type": 0,
  "file": 2,
  "line": 27,
  "col": 14,
  "lit": "true"
}
[2026-04-06 15:26:05Z INFO ActionManifestManagerLegacy] Input 'registry-auth': default value evaluate result: ""
[2026-04-06 15:26:05Z INFO ExtensionManager] Getting extensions for interface: 'GitHub.Runner.Worker.IActionCommandExtension'
[2026-04-06 15:26:05Z INFO ExtensionManager] Creating instance: GitHub.Runner.Worker.InternalPluginSetRepoPathCommandExtension, Runner.Worker
[2026-04-06 15:26:05Z INFO ExtensionManager] Creating instance: GitHub.Runner.Worker.SetEnvCommandExtension, Runner.Worker
[2026-04-06 15:26:05Z INFO ExtensionManager] Creating instance: GitHub.Runner.Worker.SetOutputCommandExtension, Runner.Worker
[2026-04-06 15:26:05Z INFO ExtensionManager] Creating instance: GitHub.Runner.Worker.SaveStateCommandExtension, Runner.Worker
[2026-04-06 15:26:05Z INFO ExtensionManager] Creating instance: GitHub.Runner.Worker.AddPathCommandExtension, Runner.Worker
[2026-04-06 15:26:05Z INFO ExtensionManager] Creating instance: GitHub.Runner.Worker.AddMaskCommandExtension, Runner.Worker
[2026-04-06 15:26:05Z INFO ExtensionManager] Creating instance: GitHub.Runner.Worker.AddMatcherCommandExtension, Runner.Worker
[2026-04-06 15:26:05Z INFO ExtensionManager] Creating instance: GitHub.Runner.Worker.RemoveMatcherCommandExtension, Runner.Worker
[2026-04-06 15:26:05Z INFO ExtensionManager] Creating instance: GitHub.Runner.Worker.WarningCommandExtension, Runner.Worker
[2026-04-06 15:26:05Z INFO ExtensionManager] Creating instance: GitHub.Runner.Worker.ErrorCommandExtension, Runner.Worker
[2026-04-06 15:26:05Z INFO ExtensionManager] Creating instance: GitHub.Runner.Worker.NoticeCommandExtension, Runner.Worker
[2026-04-06 15:26:05Z INFO ExtensionManager] Creating instance: GitHub.Runner.Worker.DebugCommandExtension, Runner.Worker
[2026-04-06 15:26:05Z INFO ExtensionManager] Creating instance: GitHub.Runner.Worker.GroupCommandExtension, Runner.Worker
[2026-04-06 15:26:05Z INFO ExtensionManager] Creating instance: GitHub.Runner.Worker.EndGroupCommandExtension, Runner.Worker
[2026-04-06 15:26:05Z INFO ExtensionManager] Creating instance: GitHub.Runner.Worker.EchoCommandExtension, Runner.Worker
[2026-04-06 15:26:05Z INFO ActionCommandManager] Register action command extension for command internal-set-repo-path
[2026-04-06 15:26:05Z INFO ActionCommandManager] Register action command extension for command set-env
[2026-04-06 15:26:05Z INFO ActionCommandManager] Register action command extension for command set-output
[2026-04-06 15:26:05Z INFO ActionCommandManager] Register action command extension for command save-state
[2026-04-06 15:26:05Z INFO ActionCommandManager] Register action command extension for command add-path
[2026-04-06 15:26:05Z INFO ActionCommandManager] Register action command extension for command add-mask
[2026-04-06 15:26:05Z INFO ActionCommandManager] Register action command extension for command add-matcher
[2026-04-06 15:26:05Z INFO ActionCommandManager] Register action command extension for command remove-matcher
[2026-04-06 15:26:05Z INFO ActionCommandManager] Register action command extension for command warning
[2026-04-06 15:26:05Z INFO ActionCommandManager] Register action command extension for command error
[2026-04-06 15:26:05Z INFO ActionCommandManager] Register action command extension for command notice
[2026-04-06 15:26:05Z INFO ActionCommandManager] Register action command extension for command debug
[2026-04-06 15:26:05Z INFO ActionCommandManager] Register action command extension for command group
[2026-04-06 15:26:05Z INFO ActionCommandManager] Register action command extension for command endgroup
[2026-04-06 15:26:05Z INFO ActionCommandManager] Register action command extension for command echo
[2026-04-06 15:26:05Z INFO HostContext] Well known directory 'Bin': 'C:\Users\oi323\OneDrive\Desktop\HW2\actions-runner\bin'
[2026-04-06 15:26:05Z INFO HostContext] Well known directory 'Root': 'C:\Users\oi323\OneDrive\Desktop\HW2\actions-runner'
[2026-04-06 15:26:05Z INFO HostContext] Well known directory 'Externals': 'C:\Users\oi323\OneDrive\Desktop\HW2\actions-runner\externals'
[2026-04-06 15:26:05Z INFO ProcessInvokerWrapper] Starting process:
[2026-04-06 15:26:05Z INFO ProcessInvokerWrapper]   File name: 'C:\Users\oi323\OneDrive\Desktop\HW2\actions-runner\externals\node20\bin\node.exe'
[2026-04-06 15:26:05Z INFO ProcessInvokerWrapper]   Arguments: '"C:\Users\oi323\OneDrive\Desktop\HW2\actions-runner\_work\_actions\docker\login-action\v3\dist/index.js"'
[2026-04-06 15:26:05Z INFO ProcessInvokerWrapper]   Working directory: 'C:\Users\oi323\OneDrive\Desktop\HW2\actions-runner\_work\HW2\HW2'
[2026-04-06 15:26:05Z INFO ProcessInvokerWrapper]   Require exit code zero: 'False'
[2026-04-06 15:26:05Z INFO ProcessInvokerWrapper]   Encoding web name: utf-8 ; code page: '65001'
[2026-04-06 15:26:05Z INFO ProcessInvokerWrapper]   Force kill process on cancellation: 'False'
[2026-04-06 15:26:05Z INFO ProcessInvokerWrapper]   Redirected STDIN: 'False'
[2026-04-06 15:26:05Z INFO ProcessInvokerWrapper]   Persist current code page: 'True'
[2026-04-06 15:26:05Z INFO ProcessInvokerWrapper]   Keep redirected STDIN open: 'False'
[2026-04-06 15:26:05Z INFO ProcessInvokerWrapper]   High priority process: 'False'
[2026-04-06 15:26:05Z INFO ProcessInvokerWrapper] Process started with process id 2300, waiting for process exit.
[2026-04-06 15:26:05Z INFO JobServerQueue] Try to append 1 batches web console lines for record 'd197221b-f64c-42a8-b941-d57988beb7f6', success rate: 1/1.
[2026-04-06 15:26:05Z INFO JobServerQueue] Try to append 1 batches web console lines for record 'b8f2d61c-70b1-489c-8dc1-ce5d41a04b5f', success rate: 1/1.
[2026-04-06 15:26:05Z INFO JobServerQueue] Got a step log file to send to results service.
[2026-04-06 15:26:05Z INFO JobServerQueue] Starting upload of step log file to results service ResultsLog, C:\Users\oi323\OneDrive\Desktop\HW2\actions-runner\_diag\blocks\6cdd7ef0-29f7-43ff-b097-e243c8919e0c_d197221b-f64c-42a8-b941-d57988beb7f6.1
[2026-04-06 15:26:05Z INFO JobServerQueue] Try to upload 1 log files or attachments, success rate: 1/1.
[2026-04-06 15:26:05Z INFO JobServerQueue] Try to append 1 batches web console lines for record 'b8f2d61c-70b1-489c-8dc1-ce5d41a04b5f', success rate: 1/1.
[2026-04-06 15:26:06Z INFO JobServerQueue] Tried to upload 1 file(s) to results, success rate: 1/1.
[2026-04-06 15:26:08Z INFO JobServerQueue] Try to append 1 batches web console lines for record 'b8f2d61c-70b1-489c-8dc1-ce5d41a04b5f', success rate: 1/1.
[2026-04-06 15:26:08Z INFO ProcessInvokerWrapper] STDOUT/STDERR stream read finished.
[2026-04-06 15:26:08Z INFO ProcessInvokerWrapper] STDOUT/STDERR stream read finished.
[2026-04-06 15:26:08Z INFO ProcessInvokerWrapper] Finished process 2300 with exit code 0, and elapsed time 00:00:02.6655600.
[2026-04-06 15:26:08Z INFO CreateStepSummaryCommand] Step Summary file (C:\Users\oi323\OneDrive\Desktop\HW2\actions-runner\_work\_temp\_runner_file_commands\step_summary_c9717f6b-23ce-4018-bd95-59a433fb2c36) is empty; skipping attachment upload
[2026-04-06 15:26:08Z INFO StepsRunner] Step result: 
[2026-04-06 15:26:08Z INFO ExecutionContext] Publish step telemetry for current step {
  "action": "docker/login-action",
  "ref": "v3",
  "type": "node20",
  "stage": "Main",
  "stepId": "b8f2d61c-70b1-489c-8dc1-ce5d41a04b5f",
  "stepContextName": "__docker_login-action",
  "hasPreStep": false,
  "hasPostStep": true,
  "result": "succeeded",
  "errorMessages": [],
  "executionTimeInSeconds": 3,
  "startTime": "2026-04-06T15:26:05.3867406Z",
  "finishTime": "2026-04-06T15:26:08.1170263Z"
}.
[2026-04-06 15:26:08Z INFO StepsRunner] No need for updating job result with current step result 'Succeeded'.
[2026-04-06 15:26:08Z INFO StepsRunner] Current state: job state = ''
[2026-04-06 15:26:08Z INFO StepsRunner] Processing step: DisplayName='Pull latest image'
[2026-04-06 15:26:08Z INFO StepsRunner] Evaluating: success()
[2026-04-06 15:26:08Z INFO StepsRunner] Result: true
[2026-04-06 15:26:08Z INFO StepsRunner] Starting the step.
[2026-04-06 15:26:08Z INFO HostContext] Well known directory 'Bin': 'C:\Users\oi323\OneDrive\Desktop\HW2\actions-runner\bin'
[2026-04-06 15:26:08Z INFO HostContext] Well known directory 'Root': 'C:\Users\oi323\OneDrive\Desktop\HW2\actions-runner'
[2026-04-06 15:26:08Z INFO HostContext] Well known directory 'Work': 'C:\Users\oi323\OneDrive\Desktop\HW2\actions-runner\_work'
[2026-04-06 15:26:08Z INFO StepsRunner] Which2: 'chcp'
[2026-04-06 15:26:08Z INFO StepsRunner] Location: 'C:\Windows\System32\chcp.COM'
[2026-04-06 15:26:08Z INFO ProcessInvokerWrapper] Starting process:
[2026-04-06 15:26:08Z INFO ProcessInvokerWrapper]   File name: 'C:\Windows\System32\chcp.COM'
[2026-04-06 15:26:08Z INFO ProcessInvokerWrapper]   Arguments: '65001'
[2026-04-06 15:26:08Z INFO ProcessInvokerWrapper]   Working directory: 'C:\Users\oi323\OneDrive\Desktop\HW2\actions-runner\_work'
[2026-04-06 15:26:08Z INFO ProcessInvokerWrapper]   Require exit code zero: 'False'
[2026-04-06 15:26:08Z INFO ProcessInvokerWrapper]   Encoding web name:  ; code page: ''
[2026-04-06 15:26:08Z INFO ProcessInvokerWrapper]   Force kill process on cancellation: 'False'
[2026-04-06 15:26:08Z INFO ProcessInvokerWrapper]   Redirected STDIN: 'False'
[2026-04-06 15:26:08Z INFO ProcessInvokerWrapper]   Persist current code page: 'True'
[2026-04-06 15:26:08Z INFO ProcessInvokerWrapper]   Keep redirected STDIN open: 'False'
[2026-04-06 15:26:08Z INFO ProcessInvokerWrapper]   High priority process: 'False'
[2026-04-06 15:26:08Z INFO ProcessInvokerWrapper] Process started with process id 7208, waiting for process exit.
[2026-04-06 15:26:08Z INFO ProcessInvokerWrapper] STDOUT/STDERR stream read finished.
[2026-04-06 15:26:08Z INFO ProcessInvokerWrapper] STDOUT/STDERR stream read finished.
[2026-04-06 15:26:08Z INFO ProcessInvokerWrapper] Finished process 7208 with exit code 0, and elapsed time 00:00:00.0055776.
[2026-04-06 15:26:08Z INFO StepsRunner] Successfully returned to code page 65001 (UTF8)
[2026-04-06 15:26:08Z INFO HostContext] Well known directory 'Bin': 'C:\Users\oi323\OneDrive\Desktop\HW2\actions-runner\bin'
[2026-04-06 15:26:08Z INFO HostContext] Well known directory 'Root': 'C:\Users\oi323\OneDrive\Desktop\HW2\actions-runner'
[2026-04-06 15:26:08Z INFO HostContext] Well known directory 'Work': 'C:\Users\oi323\OneDrive\Desktop\HW2\actions-runner\_work'
[2026-04-06 15:26:08Z INFO HostContext] Well known directory 'Temp': 'C:\Users\oi323\OneDrive\Desktop\HW2\actions-runner\_work\_temp'
[2026-04-06 15:26:08Z INFO ExecutionContext] Write event payload to C:\Users\oi323\OneDrive\Desktop\HW2\actions-runner\_work\_temp\_github_workflow\event.json
[2026-04-06 15:26:08Z INFO HostContext] Well known directory 'Bin': 'C:\Users\oi323\OneDrive\Desktop\HW2\actions-runner\bin'
[2026-04-06 15:26:08Z INFO HostContext] Well known directory 'Root': 'C:\Users\oi323\OneDrive\Desktop\HW2\actions-runner'
[2026-04-06 15:26:08Z INFO HostContext] Well known directory 'Work': 'C:\Users\oi323\OneDrive\Desktop\HW2\actions-runner\_work'
[2026-04-06 15:26:08Z INFO HostContext] Well known directory 'Temp': 'C:\Users\oi323\OneDrive\Desktop\HW2\actions-runner\_work\_temp'
[2026-04-06 15:26:08Z INFO ExtensionManager] Getting extensions for interface: 'GitHub.Runner.Worker.IFileCommandExtension'
[2026-04-06 15:26:08Z INFO ExtensionManager] Getting extensions for interface: 'GitHub.Runner.Worker.IActionCommandExtension'
[2026-04-06 15:26:08Z INFO ActionCommandManager] Register action command extension for command internal-set-repo-path
[2026-04-06 15:26:08Z INFO ActionCommandManager] Register action command extension for command set-env
[2026-04-06 15:26:08Z INFO ActionCommandManager] Register action command extension for command set-output
[2026-04-06 15:26:08Z INFO ActionCommandManager] Register action command extension for command save-state
[2026-04-06 15:26:08Z INFO ActionCommandManager] Register action command extension for command add-path
[2026-04-06 15:26:08Z INFO ActionCommandManager] Register action command extension for command add-mask
[2026-04-06 15:26:08Z INFO ActionCommandManager] Register action command extension for command add-matcher
[2026-04-06 15:26:08Z INFO ActionCommandManager] Register action command extension for command remove-matcher
[2026-04-06 15:26:08Z INFO ActionCommandManager] Register action command extension for command warning
[2026-04-06 15:26:08Z INFO ActionCommandManager] Register action command extension for command error
[2026-04-06 15:26:08Z INFO ActionCommandManager] Register action command extension for command notice
[2026-04-06 15:26:08Z INFO ActionCommandManager] Register action command extension for command debug
[2026-04-06 15:26:08Z INFO ActionCommandManager] Register action command extension for command group
[2026-04-06 15:26:08Z INFO ActionCommandManager] Register action command extension for command endgroup
[2026-04-06 15:26:08Z INFO ActionCommandManager] Register action command extension for command echo
[2026-04-06 15:26:08Z INFO ScriptHandler] Which2: 'powershell'
[2026-04-06 15:26:08Z INFO ScriptHandler] Location: 'C:\WINDOWS\System32\WindowsPowerShell\v1.0\powershell.EXE'
[2026-04-06 15:26:08Z INFO HostContext] Well known directory 'Bin': 'C:\Users\oi323\OneDrive\Desktop\HW2\actions-runner\bin'
[2026-04-06 15:26:08Z INFO HostContext] Well known directory 'Root': 'C:\Users\oi323\OneDrive\Desktop\HW2\actions-runner'
[2026-04-06 15:26:08Z INFO HostContext] Well known directory 'Work': 'C:\Users\oi323\OneDrive\Desktop\HW2\actions-runner\_work'
[2026-04-06 15:26:08Z INFO HostContext] Well known directory 'Temp': 'C:\Users\oi323\OneDrive\Desktop\HW2\actions-runner\_work\_temp'
[2026-04-06 15:26:08Z INFO ScriptHandler] Which2: 'powershell'
[2026-04-06 15:26:08Z INFO ScriptHandler] Location: 'C:\WINDOWS\System32\WindowsPowerShell\v1.0\powershell.EXE'
[2026-04-06 15:26:08Z INFO ProcessInvokerWrapper] Starting process:
[2026-04-06 15:26:08Z INFO ProcessInvokerWrapper]   File name: 'C:\WINDOWS\System32\WindowsPowerShell\v1.0\powershell.EXE'
[2026-04-06 15:26:08Z INFO ProcessInvokerWrapper]   Arguments: '-command ". 'C:\Users\oi323\OneDrive\Desktop\HW2\actions-runner\_work\_temp\9c281b23-17bc-4690-b675-c993abede48b.ps1'"'
[2026-04-06 15:26:08Z INFO ProcessInvokerWrapper]   Working directory: 'C:\Users\oi323\OneDrive\Desktop\HW2\actions-runner\_work\HW2\HW2'
[2026-04-06 15:26:08Z INFO ProcessInvokerWrapper]   Require exit code zero: 'False'
[2026-04-06 15:26:08Z INFO ProcessInvokerWrapper]   Encoding web name:  ; code page: ''
[2026-04-06 15:26:08Z INFO ProcessInvokerWrapper]   Force kill process on cancellation: 'False'
[2026-04-06 15:26:08Z INFO ProcessInvokerWrapper]   Redirected STDIN: 'False'
[2026-04-06 15:26:08Z INFO ProcessInvokerWrapper]   Persist current code page: 'True'
[2026-04-06 15:26:08Z INFO ProcessInvokerWrapper]   Keep redirected STDIN open: 'False'
[2026-04-06 15:26:08Z INFO ProcessInvokerWrapper]   High priority process: 'False'
[2026-04-06 15:26:08Z INFO ProcessInvokerWrapper] Process started with process id 30300, waiting for process exit.
[2026-04-06 15:26:08Z INFO JobServerQueue] Try to append 1 batches web console lines for record 'aa0908c3-abda-4501-b9c8-dc1e4f24c1b2', success rate: 1/1.
[2026-04-06 15:26:08Z INFO JobServerQueue] Try to upload 1 log files or attachments, success rate: 1/1.
[2026-04-06 15:26:08Z INFO JobServerQueue] Got a step log file to send to results service.
[2026-04-06 15:26:08Z INFO JobServerQueue] Starting upload of step log file to results service ResultsLog, C:\Users\oi323\OneDrive\Desktop\HW2\actions-runner\_diag\blocks\6cdd7ef0-29f7-43ff-b097-e243c8919e0c_b8f2d61c-70b1-489c-8dc1-ce5d41a04b5f.1
[2026-04-06 15:26:09Z INFO JobServerQueue] Tried to upload 1 file(s) to results, success rate: 1/1.
[2026-04-06 15:26:10Z INFO JobServerQueue] Try to append 1 batches web console lines for record 'aa0908c3-abda-4501-b9c8-dc1e4f24c1b2', success rate: 1/1.
[2026-04-06 15:26:11Z INFO JobServerQueue] Try to append 1 batches web console lines for record 'aa0908c3-abda-4501-b9c8-dc1e4f24c1b2', success rate: 1/1.
[2026-04-06 15:26:12Z INFO JobServerQueue] Try to append 1 batches web console lines for record 'aa0908c3-abda-4501-b9c8-dc1e4f24c1b2', success rate: 1/1.
[2026-04-06 15:26:12Z INFO JobServerQueue] Try to append 1 batches web console lines for record 'aa0908c3-abda-4501-b9c8-dc1e4f24c1b2', success rate: 1/1.
[2026-04-06 15:26:12Z INFO JobServerQueue] Try to append 1 batches web console lines for record 'aa0908c3-abda-4501-b9c8-dc1e4f24c1b2', success rate: 1/1.
[2026-04-06 15:26:12Z INFO JobServerQueue] Try to append 1 batches web console lines for record 'aa0908c3-abda-4501-b9c8-dc1e4f24c1b2', success rate: 1/1.
[2026-04-06 15:26:13Z INFO JobServerQueue] Try to append 1 batches web console lines for record 'aa0908c3-abda-4501-b9c8-dc1e4f24c1b2', success rate: 1/1.
[2026-04-06 15:26:14Z INFO JobServerQueue] Try to append 1 batches web console lines for record 'aa0908c3-abda-4501-b9c8-dc1e4f24c1b2', success rate: 1/1.
[2026-04-06 15:26:14Z INFO JobServerQueue] Try to append 1 batches web console lines for record 'aa0908c3-abda-4501-b9c8-dc1e4f24c1b2', success rate: 1/1.
[2026-04-06 15:26:15Z INFO JobServerQueue] Try to append 1 batches web console lines for record 'aa0908c3-abda-4501-b9c8-dc1e4f24c1b2', success rate: 1/1.
[2026-04-06 15:26:15Z INFO HostContext] Well known directory 'Bin': 'C:\Users\oi323\OneDrive\Desktop\HW2\actions-runner\bin'
[2026-04-06 15:26:15Z INFO HostContext] Well known directory 'Root': 'C:\Users\oi323\OneDrive\Desktop\HW2\actions-runner'
[2026-04-06 15:26:15Z INFO HostContext] Well known directory 'Work': 'C:\Users\oi323\OneDrive\Desktop\HW2\actions-runner\_work'
[2026-04-06 15:26:25Z INFO HostContext] Well known directory 'Bin': 'C:\Users\oi323\OneDrive\Desktop\HW2\actions-runner\bin'
[2026-04-06 15:26:25Z INFO HostContext] Well known directory 'Root': 'C:\Users\oi323\OneDrive\Desktop\HW2\actions-runner'
[2026-04-06 15:26:25Z INFO HostContext] Well known directory 'Work': 'C:\Users\oi323\OneDrive\Desktop\HW2\actions-runner\_work'
[2026-04-06 15:26:32Z INFO JobServerQueue] Try to append 1 batches web console lines for record 'aa0908c3-abda-4501-b9c8-dc1e4f24c1b2', success rate: 1/1.
[2026-04-06 15:26:35Z INFO HostContext] Well known directory 'Bin': 'C:\Users\oi323\OneDrive\Desktop\HW2\actions-runner\bin'
[2026-04-06 15:26:35Z INFO HostContext] Well known directory 'Root': 'C:\Users\oi323\OneDrive\Desktop\HW2\actions-runner'
[2026-04-06 15:26:35Z INFO HostContext] Well known directory 'Work': 'C:\Users\oi323\OneDrive\Desktop\HW2\actions-runner\_work'
[2026-04-06 15:26:39Z INFO JobServerQueue] Try to append 1 batches web console lines for record 'aa0908c3-abda-4501-b9c8-dc1e4f24c1b2', success rate: 1/1.
[2026-04-06 15:26:39Z INFO ProcessInvokerWrapper] STDOUT/STDERR stream read finished.
[2026-04-06 15:26:39Z INFO ProcessInvokerWrapper] STDOUT/STDERR stream read finished.
[2026-04-06 15:26:39Z INFO ProcessInvokerWrapper] Finished process 30300 with exit code 0, and elapsed time 00:00:31.0135092.
[2026-04-06 15:26:39Z INFO CreateStepSummaryCommand] Step Summary file (C:\Users\oi323\OneDrive\Desktop\HW2\actions-runner\_work\_temp\_runner_file_commands\step_summary_729e39e6-02c9-42c2-a3bf-b79bf76145e9) is empty; skipping attachment upload
[2026-04-06 15:26:39Z INFO StepsRunner] Step result: 
[2026-04-06 15:26:39Z INFO ExecutionContext] Publish step telemetry for current step {
  "action": "powershell",
  "type": "run",
  "stage": "Main",
  "stepId": "aa0908c3-abda-4501-b9c8-dc1e4f24c1b2",
  "stepContextName": "__run",
  "result": "succeeded",
  "errorMessages": [],
  "executionTimeInSeconds": 32,
  "startTime": "2026-04-06T15:26:08.1177702Z",
  "finishTime": "2026-04-06T15:26:39.1464728Z"
}.
[2026-04-06 15:26:39Z INFO StepsRunner] No need for updating job result with current step result 'Succeeded'.
[2026-04-06 15:26:39Z INFO StepsRunner] Current state: job state = ''
[2026-04-06 15:26:39Z INFO StepsRunner] Processing step: DisplayName='Stop and Remove Existing Container'
[2026-04-06 15:26:39Z INFO StepsRunner] Evaluating: success()
[2026-04-06 15:26:39Z INFO StepsRunner] Result: true
[2026-04-06 15:26:39Z INFO StepsRunner] Starting the step.
[2026-04-06 15:26:39Z INFO HostContext] Well known directory 'Bin': 'C:\Users\oi323\OneDrive\Desktop\HW2\actions-runner\bin'
[2026-04-06 15:26:39Z INFO HostContext] Well known directory 'Root': 'C:\Users\oi323\OneDrive\Desktop\HW2\actions-runner'
[2026-04-06 15:26:39Z INFO HostContext] Well known directory 'Work': 'C:\Users\oi323\OneDrive\Desktop\HW2\actions-runner\_work'
[2026-04-06 15:26:39Z INFO StepsRunner] Which2: 'chcp'
[2026-04-06 15:26:39Z INFO StepsRunner] Location: 'C:\Windows\System32\chcp.COM'
[2026-04-06 15:26:39Z INFO ProcessInvokerWrapper] Starting process:
[2026-04-06 15:26:39Z INFO ProcessInvokerWrapper]   File name: 'C:\Windows\System32\chcp.COM'
[2026-04-06 15:26:39Z INFO ProcessInvokerWrapper]   Arguments: '65001'
[2026-04-06 15:26:39Z INFO ProcessInvokerWrapper]   Working directory: 'C:\Users\oi323\OneDrive\Desktop\HW2\actions-runner\_work'
[2026-04-06 15:26:39Z INFO ProcessInvokerWrapper]   Require exit code zero: 'False'
[2026-04-06 15:26:39Z INFO ProcessInvokerWrapper]   Encoding web name:  ; code page: ''
[2026-04-06 15:26:39Z INFO ProcessInvokerWrapper]   Force kill process on cancellation: 'False'
[2026-04-06 15:26:39Z INFO ProcessInvokerWrapper]   Redirected STDIN: 'False'
[2026-04-06 15:26:39Z INFO ProcessInvokerWrapper]   Persist current code page: 'True'
[2026-04-06 15:26:39Z INFO ProcessInvokerWrapper]   Keep redirected STDIN open: 'False'
[2026-04-06 15:26:39Z INFO ProcessInvokerWrapper]   High priority process: 'False'
[2026-04-06 15:26:39Z INFO ProcessInvokerWrapper] Process started with process id 27464, waiting for process exit.
[2026-04-06 15:26:39Z INFO ProcessInvokerWrapper] STDOUT/STDERR stream read finished.
[2026-04-06 15:26:39Z INFO ProcessInvokerWrapper] STDOUT/STDERR stream read finished.
[2026-04-06 15:26:39Z INFO ProcessInvokerWrapper] Finished process 27464 with exit code 0, and elapsed time 00:00:00.0071339.
[2026-04-06 15:26:39Z INFO StepsRunner] Successfully returned to code page 65001 (UTF8)
[2026-04-06 15:26:39Z INFO HostContext] Well known directory 'Bin': 'C:\Users\oi323\OneDrive\Desktop\HW2\actions-runner\bin'
[2026-04-06 15:26:39Z INFO HostContext] Well known directory 'Root': 'C:\Users\oi323\OneDrive\Desktop\HW2\actions-runner'
[2026-04-06 15:26:39Z INFO HostContext] Well known directory 'Work': 'C:\Users\oi323\OneDrive\Desktop\HW2\actions-runner\_work'
[2026-04-06 15:26:39Z INFO HostContext] Well known directory 'Temp': 'C:\Users\oi323\OneDrive\Desktop\HW2\actions-runner\_work\_temp'
[2026-04-06 15:26:39Z INFO ExecutionContext] Write event payload to C:\Users\oi323\OneDrive\Desktop\HW2\actions-runner\_work\_temp\_github_workflow\event.json
[2026-04-06 15:26:39Z INFO HostContext] Well known directory 'Bin': 'C:\Users\oi323\OneDrive\Desktop\HW2\actions-runner\bin'
[2026-04-06 15:26:39Z INFO HostContext] Well known directory 'Root': 'C:\Users\oi323\OneDrive\Desktop\HW2\actions-runner'
[2026-04-06 15:26:39Z INFO HostContext] Well known directory 'Work': 'C:\Users\oi323\OneDrive\Desktop\HW2\actions-runner\_work'
[2026-04-06 15:26:39Z INFO HostContext] Well known directory 'Temp': 'C:\Users\oi323\OneDrive\Desktop\HW2\actions-runner\_work\_temp'
[2026-04-06 15:26:39Z INFO ExtensionManager] Getting extensions for interface: 'GitHub.Runner.Worker.IFileCommandExtension'
[2026-04-06 15:26:39Z INFO ExtensionManager] Getting extensions for interface: 'GitHub.Runner.Worker.IActionCommandExtension'
[2026-04-06 15:26:39Z INFO ActionCommandManager] Register action command extension for command internal-set-repo-path
[2026-04-06 15:26:39Z INFO ActionCommandManager] Register action command extension for command set-env
[2026-04-06 15:26:39Z INFO ActionCommandManager] Register action command extension for command set-output
[2026-04-06 15:26:39Z INFO ActionCommandManager] Register action command extension for command save-state
[2026-04-06 15:26:39Z INFO ActionCommandManager] Register action command extension for command add-path
[2026-04-06 15:26:39Z INFO ActionCommandManager] Register action command extension for command add-mask
[2026-04-06 15:26:39Z INFO ActionCommandManager] Register action command extension for command add-matcher
[2026-04-06 15:26:39Z INFO ActionCommandManager] Register action command extension for command remove-matcher
[2026-04-06 15:26:39Z INFO ActionCommandManager] Register action command extension for command warning
[2026-04-06 15:26:39Z INFO ActionCommandManager] Register action command extension for command error
[2026-04-06 15:26:39Z INFO ActionCommandManager] Register action command extension for command notice
[2026-04-06 15:26:39Z INFO ActionCommandManager] Register action command extension for command debug
[2026-04-06 15:26:39Z INFO ActionCommandManager] Register action command extension for command group
[2026-04-06 15:26:39Z INFO ActionCommandManager] Register action command extension for command endgroup
[2026-04-06 15:26:39Z INFO ActionCommandManager] Register action command extension for command echo
[2026-04-06 15:26:39Z INFO ScriptHandler] Which2: 'powershell'
[2026-04-06 15:26:39Z INFO ScriptHandler] Location: 'C:\WINDOWS\System32\WindowsPowerShell\v1.0\powershell.EXE'
[2026-04-06 15:26:39Z INFO HostContext] Well known directory 'Bin': 'C:\Users\oi323\OneDrive\Desktop\HW2\actions-runner\bin'
[2026-04-06 15:26:39Z INFO HostContext] Well known directory 'Root': 'C:\Users\oi323\OneDrive\Desktop\HW2\actions-runner'
[2026-04-06 15:26:39Z INFO HostContext] Well known directory 'Work': 'C:\Users\oi323\OneDrive\Desktop\HW2\actions-runner\_work'
[2026-04-06 15:26:39Z INFO HostContext] Well known directory 'Temp': 'C:\Users\oi323\OneDrive\Desktop\HW2\actions-runner\_work\_temp'
[2026-04-06 15:26:39Z INFO ScriptHandler] Which2: 'powershell'
[2026-04-06 15:26:39Z INFO ScriptHandler] Location: 'C:\WINDOWS\System32\WindowsPowerShell\v1.0\powershell.EXE'
[2026-04-06 15:26:39Z INFO ProcessInvokerWrapper] Starting process:
[2026-04-06 15:26:39Z INFO ProcessInvokerWrapper]   File name: 'C:\WINDOWS\System32\WindowsPowerShell\v1.0\powershell.EXE'
[2026-04-06 15:26:39Z INFO ProcessInvokerWrapper]   Arguments: '-command ". 'C:\Users\oi323\OneDrive\Desktop\HW2\actions-runner\_work\_temp\df7a99a0-1ef9-4809-9cbc-d9884b1838e4.ps1'"'
[2026-04-06 15:26:39Z INFO ProcessInvokerWrapper]   Working directory: 'C:\Users\oi323\OneDrive\Desktop\HW2\actions-runner\_work\HW2\HW2'
[2026-04-06 15:26:39Z INFO ProcessInvokerWrapper]   Require exit code zero: 'False'
[2026-04-06 15:26:39Z INFO ProcessInvokerWrapper]   Encoding web name:  ; code page: ''
[2026-04-06 15:26:39Z INFO ProcessInvokerWrapper]   Force kill process on cancellation: 'False'
[2026-04-06 15:26:39Z INFO ProcessInvokerWrapper]   Redirected STDIN: 'False'
[2026-04-06 15:26:39Z INFO ProcessInvokerWrapper]   Persist current code page: 'True'
[2026-04-06 15:26:39Z INFO ProcessInvokerWrapper]   Keep redirected STDIN open: 'False'
[2026-04-06 15:26:39Z INFO ProcessInvokerWrapper]   High priority process: 'False'
[2026-04-06 15:26:39Z INFO ProcessInvokerWrapper] Process started with process id 32648, waiting for process exit.
[2026-04-06 15:26:39Z INFO ProcessInvokerWrapper] STDOUT/STDERR stream read finished.
[2026-04-06 15:26:39Z INFO ProcessInvokerWrapper] STDOUT/STDERR stream read finished.
[2026-04-06 15:26:39Z INFO JobServerQueue] Try to append 1 batches web console lines for record 'aa0908c3-abda-4501-b9c8-dc1e4f24c1b2', success rate: 1/1.
[2026-04-06 15:26:39Z INFO JobServerQueue] Try to append 1 batches web console lines for record '256afdb4-1f68-49c0-89cb-ad1f96ec254d', success rate: 1/1.
[2026-04-06 15:26:39Z INFO ProcessInvokerWrapper] Finished process 32648 with exit code 0, and elapsed time 00:00:00.1817495.
[2026-04-06 15:26:39Z INFO CreateStepSummaryCommand] Step Summary file (C:\Users\oi323\OneDrive\Desktop\HW2\actions-runner\_work\_temp\_runner_file_commands\step_summary_a4131949-07a2-41e9-9ab8-fa9670b63733) is empty; skipping attachment upload
[2026-04-06 15:26:39Z INFO StepsRunner] Step result: 
[2026-04-06 15:26:39Z INFO ExecutionContext] Publish step telemetry for current step {
  "action": "powershell",
  "type": "run",
  "stage": "Main",
  "stepId": "256afdb4-1f68-49c0-89cb-ad1f96ec254d",
  "stepContextName": "__run_2",
  "result": "succeeded",
  "errorMessages": [],
  "executionTimeInSeconds": 1,
  "startTime": "2026-04-06T15:26:39.1470848Z",
  "finishTime": "2026-04-06T15:26:39.343194Z"
}.
[2026-04-06 15:26:39Z INFO StepsRunner] No need for updating job result with current step result 'Succeeded'.
[2026-04-06 15:26:39Z INFO StepsRunner] Current state: job state = ''
[2026-04-06 15:26:39Z INFO StepsRunner] Processing step: DisplayName='Run New Container'
[2026-04-06 15:26:39Z INFO StepsRunner] Evaluating: success()
[2026-04-06 15:26:39Z INFO StepsRunner] Result: true
[2026-04-06 15:26:39Z INFO StepsRunner] Starting the step.
[2026-04-06 15:26:39Z INFO HostContext] Well known directory 'Bin': 'C:\Users\oi323\OneDrive\Desktop\HW2\actions-runner\bin'
[2026-04-06 15:26:39Z INFO HostContext] Well known directory 'Root': 'C:\Users\oi323\OneDrive\Desktop\HW2\actions-runner'
[2026-04-06 15:26:39Z INFO HostContext] Well known directory 'Work': 'C:\Users\oi323\OneDrive\Desktop\HW2\actions-runner\_work'
[2026-04-06 15:26:39Z INFO StepsRunner] Which2: 'chcp'
[2026-04-06 15:26:39Z INFO StepsRunner] Location: 'C:\Windows\System32\chcp.COM'
[2026-04-06 15:26:39Z INFO ProcessInvokerWrapper] Starting process:
[2026-04-06 15:26:39Z INFO ProcessInvokerWrapper]   File name: 'C:\Windows\System32\chcp.COM'
[2026-04-06 15:26:39Z INFO ProcessInvokerWrapper]   Arguments: '65001'
[2026-04-06 15:26:39Z INFO ProcessInvokerWrapper]   Working directory: 'C:\Users\oi323\OneDrive\Desktop\HW2\actions-runner\_work'
[2026-04-06 15:26:39Z INFO ProcessInvokerWrapper]   Require exit code zero: 'False'
[2026-04-06 15:26:39Z INFO ProcessInvokerWrapper]   Encoding web name:  ; code page: ''
[2026-04-06 15:26:39Z INFO ProcessInvokerWrapper]   Force kill process on cancellation: 'False'
[2026-04-06 15:26:39Z INFO ProcessInvokerWrapper]   Redirected STDIN: 'False'
[2026-04-06 15:26:39Z INFO ProcessInvokerWrapper]   Persist current code page: 'True'
[2026-04-06 15:26:39Z INFO ProcessInvokerWrapper]   Keep redirected STDIN open: 'False'
[2026-04-06 15:26:39Z INFO ProcessInvokerWrapper]   High priority process: 'False'
[2026-04-06 15:26:39Z INFO ProcessInvokerWrapper] Process started with process id 32732, waiting for process exit.
[2026-04-06 15:26:39Z INFO ProcessInvokerWrapper] STDOUT/STDERR stream read finished.
[2026-04-06 15:26:39Z INFO ProcessInvokerWrapper] STDOUT/STDERR stream read finished.
[2026-04-06 15:26:39Z INFO ProcessInvokerWrapper] Finished process 32732 with exit code 0, and elapsed time 00:00:00.0051016.
[2026-04-06 15:26:39Z INFO StepsRunner] Successfully returned to code page 65001 (UTF8)
[2026-04-06 15:26:39Z INFO HostContext] Well known directory 'Bin': 'C:\Users\oi323\OneDrive\Desktop\HW2\actions-runner\bin'
[2026-04-06 15:26:39Z INFO HostContext] Well known directory 'Root': 'C:\Users\oi323\OneDrive\Desktop\HW2\actions-runner'
[2026-04-06 15:26:39Z INFO HostContext] Well known directory 'Work': 'C:\Users\oi323\OneDrive\Desktop\HW2\actions-runner\_work'
[2026-04-06 15:26:39Z INFO HostContext] Well known directory 'Temp': 'C:\Users\oi323\OneDrive\Desktop\HW2\actions-runner\_work\_temp'
[2026-04-06 15:26:39Z INFO ExecutionContext] Write event payload to C:\Users\oi323\OneDrive\Desktop\HW2\actions-runner\_work\_temp\_github_workflow\event.json
[2026-04-06 15:26:39Z INFO HostContext] Well known directory 'Bin': 'C:\Users\oi323\OneDrive\Desktop\HW2\actions-runner\bin'
[2026-04-06 15:26:39Z INFO HostContext] Well known directory 'Root': 'C:\Users\oi323\OneDrive\Desktop\HW2\actions-runner'
[2026-04-06 15:26:39Z INFO HostContext] Well known directory 'Work': 'C:\Users\oi323\OneDrive\Desktop\HW2\actions-runner\_work'
[2026-04-06 15:26:39Z INFO HostContext] Well known directory 'Temp': 'C:\Users\oi323\OneDrive\Desktop\HW2\actions-runner\_work\_temp'
[2026-04-06 15:26:39Z INFO ExtensionManager] Getting extensions for interface: 'GitHub.Runner.Worker.IFileCommandExtension'
[2026-04-06 15:26:39Z INFO ExtensionManager] Getting extensions for interface: 'GitHub.Runner.Worker.IActionCommandExtension'
[2026-04-06 15:26:39Z INFO ActionCommandManager] Register action command extension for command internal-set-repo-path
[2026-04-06 15:26:39Z INFO ActionCommandManager] Register action command extension for command set-env
[2026-04-06 15:26:39Z INFO ActionCommandManager] Register action command extension for command set-output
[2026-04-06 15:26:39Z INFO ActionCommandManager] Register action command extension for command save-state
[2026-04-06 15:26:39Z INFO ActionCommandManager] Register action command extension for command add-path
[2026-04-06 15:26:39Z INFO ActionCommandManager] Register action command extension for command add-mask
[2026-04-06 15:26:39Z INFO ActionCommandManager] Register action command extension for command add-matcher
[2026-04-06 15:26:39Z INFO ActionCommandManager] Register action command extension for command remove-matcher
[2026-04-06 15:26:39Z INFO ActionCommandManager] Register action command extension for command warning
[2026-04-06 15:26:39Z INFO ActionCommandManager] Register action command extension for command error
[2026-04-06 15:26:39Z INFO ActionCommandManager] Register action command extension for command notice
[2026-04-06 15:26:39Z INFO ActionCommandManager] Register action command extension for command debug
[2026-04-06 15:26:39Z INFO ActionCommandManager] Register action command extension for command group
[2026-04-06 15:26:39Z INFO ActionCommandManager] Register action command extension for command endgroup
[2026-04-06 15:26:39Z INFO ActionCommandManager] Register action command extension for command echo
[2026-04-06 15:26:39Z INFO ScriptHandler] Which2: 'pwsh'
[2026-04-06 15:26:39Z INFO ScriptHandler] pwsh: command not found. Make sure 'pwsh' is installed and its location included in the 'Path' environment variable.
[2026-04-06 15:26:39Z ERR  StepsRunner] Caught exception from step: System.IO.FileNotFoundException: pwsh: command not found
File name: 'pwsh'
   at GitHub.Runner.Sdk.WhichUtil.Which(String command, Boolean require, ITraceWriter trace, String prependPath)
   at GitHub.Runner.Worker.Handlers.ScriptHandler.PrintActionDetails(ActionRunStage stage)
   at GitHub.Runner.Worker.Handlers.Handler.PrepareExecution(ActionRunStage stage)
   at GitHub.Runner.Worker.ActionRunner.RunAsync()
   at GitHub.Runner.Worker.StepsRunner.RunStepAsync(IStep step, CancellationToken jobCancellationToken)
[2026-04-06 15:26:39Z INFO StepsRunner] Step result: Failed
[2026-04-06 15:26:39Z INFO StepsRunner] Update job result with current step result 'Failed'.
[2026-04-06 15:26:39Z INFO StepsRunner] Current state: job state = 'Failed'
[2026-04-06 15:26:39Z INFO StepsRunner] Processing step: DisplayName='Post Login to Docker Hub'
[2026-04-06 15:26:39Z INFO StepsRunner] Evaluating: always()
[2026-04-06 15:26:39Z INFO StepsRunner] Result: true
[2026-04-06 15:26:39Z INFO StepsRunner] Starting the step.
[2026-04-06 15:26:39Z INFO HostContext] Well known directory 'Bin': 'C:\Users\oi323\OneDrive\Desktop\HW2\actions-runner\bin'
[2026-04-06 15:26:39Z INFO HostContext] Well known directory 'Root': 'C:\Users\oi323\OneDrive\Desktop\HW2\actions-runner'
[2026-04-06 15:26:39Z INFO HostContext] Well known directory 'Work': 'C:\Users\oi323\OneDrive\Desktop\HW2\actions-runner\_work'
[2026-04-06 15:26:39Z INFO StepsRunner] Which2: 'chcp'
[2026-04-06 15:26:39Z INFO StepsRunner] Location: 'C:\Windows\System32\chcp.COM'
[2026-04-06 15:26:39Z INFO ProcessInvokerWrapper] Starting process:
[2026-04-06 15:26:39Z INFO ProcessInvokerWrapper]   File name: 'C:\Windows\System32\chcp.COM'
[2026-04-06 15:26:39Z INFO ProcessInvokerWrapper]   Arguments: '65001'
[2026-04-06 15:26:39Z INFO ProcessInvokerWrapper]   Working directory: 'C:\Users\oi323\OneDrive\Desktop\HW2\actions-runner\_work'
[2026-04-06 15:26:39Z INFO ProcessInvokerWrapper]   Require exit code zero: 'False'
[2026-04-06 15:26:39Z INFO ProcessInvokerWrapper]   Encoding web name:  ; code page: ''
[2026-04-06 15:26:39Z INFO ProcessInvokerWrapper]   Force kill process on cancellation: 'False'
[2026-04-06 15:26:39Z INFO ProcessInvokerWrapper]   Redirected STDIN: 'False'
[2026-04-06 15:26:39Z INFO ProcessInvokerWrapper]   Persist current code page: 'True'
[2026-04-06 15:26:39Z INFO ProcessInvokerWrapper]   Keep redirected STDIN open: 'False'
[2026-04-06 15:26:39Z INFO ProcessInvokerWrapper]   High priority process: 'False'
[2026-04-06 15:26:39Z INFO ProcessInvokerWrapper] Process started with process id 13480, waiting for process exit.
[2026-04-06 15:26:39Z INFO ProcessInvokerWrapper] STDOUT/STDERR stream read finished.
[2026-04-06 15:26:39Z INFO ProcessInvokerWrapper] STDOUT/STDERR stream read finished.
[2026-04-06 15:26:39Z INFO ProcessInvokerWrapper] Finished process 13480 with exit code 0, and elapsed time 00:00:00.0048977.
[2026-04-06 15:26:39Z INFO StepsRunner] Successfully returned to code page 65001 (UTF8)
[2026-04-06 15:26:39Z INFO HostContext] Well known directory 'Bin': 'C:\Users\oi323\OneDrive\Desktop\HW2\actions-runner\bin'
[2026-04-06 15:26:39Z INFO HostContext] Well known directory 'Root': 'C:\Users\oi323\OneDrive\Desktop\HW2\actions-runner'
[2026-04-06 15:26:39Z INFO HostContext] Well known directory 'Work': 'C:\Users\oi323\OneDrive\Desktop\HW2\actions-runner\_work'
[2026-04-06 15:26:39Z INFO HostContext] Well known directory 'Actions': 'C:\Users\oi323\OneDrive\Desktop\HW2\actions-runner\_work\_actions'
[2026-04-06 15:26:39Z INFO ActionManager] Load action that reference repository from 'C:\Users\oi323\OneDrive\Desktop\HW2\actions-runner\_work\_actions\docker\login-action\v3'
[2026-04-06 15:26:39Z INFO HostContext] Well known directory 'Bin': 'C:\Users\oi323\OneDrive\Desktop\HW2\actions-runner\bin'
[2026-04-06 15:26:39Z INFO HostContext] Well known directory 'Root': 'C:\Users\oi323\OneDrive\Desktop\HW2\actions-runner'
[2026-04-06 15:26:39Z INFO HostContext] Well known directory 'Work': 'C:\Users\oi323\OneDrive\Desktop\HW2\actions-runner\_work'
[2026-04-06 15:26:39Z INFO HostContext] Well known directory 'Actions': 'C:\Users\oi323\OneDrive\Desktop\HW2\actions-runner\_work\_actions'
[2026-04-06 15:26:39Z INFO ActionManifestManagerLegacy] Ignore action property author.
[2026-04-06 15:26:39Z INFO ActionManifestManagerLegacy] Ignore action property branding.
[2026-04-06 15:26:39Z INFO ActionManifestManagerLegacy] Loaded action.yml file: {
  "name": "Docker Login",
  "description": "GitHub Action to login against a Docker registry",
  "inputs": {
    "type": 2,
    "map": [
      {
        "key": {
          "type": 0,
          "file": 2,
          "line": 10,
          "col": 3,
          "lit": "registry"
        },
        "value": ""
      },
      {
        "key": {
          "type": 0,
          "file": 2,
          "line": 13,
          "col": 3,
          "lit": "username"
        },
        "value": ""
      },
      {
        "key": {
          "type": 0,
          "file": 2,
          "line": 16,
          "col": 3,
          "lit": "password"
        },
        "value": ""
      },
      {
        "key": {
          "type": 0,
          "file": 2,
          "line": 19,
          "col": 3,
          "lit": "ecr"
        },
        "value": ""
      },
      {
        "key": {
          "type": 0,
          "file": 2,
          "line": 22,
          "col": 3,
          "lit": "scope"
        },
        "value": ""
      },
      {
        "key": {
          "type": 0,
          "file": 2,
          "line": 25,
          "col": 3,
          "lit": "logout"
        },
        "value": {
          "type": 0,
          "file": 2,
          "line": 27,
          "col": 14,
          "lit": "true"
        }
      },
      {
        "key": {
          "type": 0,
          "file": 2,
          "line": 29,
          "col": 3,
          "lit": "registry-auth"
        },
        "value": ""
      }
    ]
  },
  "execution": {
    "executionType": "nodeJS",
    "hasPre": false,
    "hasPost": true,
    "script": "dist/index.js",
    "pre": null,
    "post": "dist/index.js",
    "nodeVersion": "node20",
    "cleanupCondition": "always()",
    "initCondition": "always()"
  },
  "deprecated": null
}
[2026-04-06 15:26:39Z INFO ActionManager] Action pre node.js file: N/A.
[2026-04-06 15:26:39Z INFO ActionManager] Action node.js file: dist/index.js.
[2026-04-06 15:26:39Z INFO ActionManager] Action post node.js file: dist/index.js.
[2026-04-06 15:26:39Z INFO HostContext] Well known directory 'Bin': 'C:\Users\oi323\OneDrive\Desktop\HW2\actions-runner\bin'
[2026-04-06 15:26:39Z INFO HostContext] Well known directory 'Root': 'C:\Users\oi323\OneDrive\Desktop\HW2\actions-runner'
[2026-04-06 15:26:39Z INFO HostContext] Well known directory 'Work': 'C:\Users\oi323\OneDrive\Desktop\HW2\actions-runner\_work'
[2026-04-06 15:26:39Z INFO HostContext] Well known directory 'Temp': 'C:\Users\oi323\OneDrive\Desktop\HW2\actions-runner\_work\_temp'
[2026-04-06 15:26:39Z INFO ExecutionContext] Write event payload to C:\Users\oi323\OneDrive\Desktop\HW2\actions-runner\_work\_temp\_github_workflow\event.json
[2026-04-06 15:26:39Z INFO HostContext] Well known directory 'Bin': 'C:\Users\oi323\OneDrive\Desktop\HW2\actions-runner\bin'
[2026-04-06 15:26:39Z INFO HostContext] Well known directory 'Root': 'C:\Users\oi323\OneDrive\Desktop\HW2\actions-runner'
[2026-04-06 15:26:39Z INFO HostContext] Well known directory 'Work': 'C:\Users\oi323\OneDrive\Desktop\HW2\actions-runner\_work'
[2026-04-06 15:26:39Z INFO HostContext] Well known directory 'Temp': 'C:\Users\oi323\OneDrive\Desktop\HW2\actions-runner\_work\_temp'
[2026-04-06 15:26:39Z INFO ExtensionManager] Getting extensions for interface: 'GitHub.Runner.Worker.IFileCommandExtension'
[2026-04-06 15:26:39Z INFO ActionManifestManagerLegacy] Input 'registry': default value evaluate result: ""
[2026-04-06 15:26:39Z INFO ActionManifestManagerLegacy] Input 'ecr': default value evaluate result: ""
[2026-04-06 15:26:39Z INFO ActionManifestManagerLegacy] Input 'scope': default value evaluate result: ""
[2026-04-06 15:26:39Z INFO ActionManifestManagerLegacy] Input 'logout': default value evaluate result: {
  "type": 0,
  "file": 2,
  "line": 27,
  "col": 14,
  "lit": "true"
}
[2026-04-06 15:26:39Z INFO ActionManifestManagerLegacy] Input 'registry-auth': default value evaluate result: ""
[2026-04-06 15:26:39Z INFO ExtensionManager] Getting extensions for interface: 'GitHub.Runner.Worker.IActionCommandExtension'
[2026-04-06 15:26:39Z INFO ActionCommandManager] Register action command extension for command internal-set-repo-path
[2026-04-06 15:26:39Z INFO ActionCommandManager] Register action command extension for command set-env
[2026-04-06 15:26:39Z INFO ActionCommandManager] Register action command extension for command set-output
[2026-04-06 15:26:39Z INFO ActionCommandManager] Register action command extension for command save-state
[2026-04-06 15:26:39Z INFO ActionCommandManager] Register action command extension for command add-path
[2026-04-06 15:26:39Z INFO ActionCommandManager] Register action command extension for command add-mask
[2026-04-06 15:26:39Z INFO ActionCommandManager] Register action command extension for command add-matcher
[2026-04-06 15:26:39Z INFO ActionCommandManager] Register action command extension for command remove-matcher
[2026-04-06 15:26:39Z INFO ActionCommandManager] Register action command extension for command warning
[2026-04-06 15:26:39Z INFO ActionCommandManager] Register action command extension for command error
[2026-04-06 15:26:39Z INFO ActionCommandManager] Register action command extension for command notice
[2026-04-06 15:26:39Z INFO ActionCommandManager] Register action command extension for command debug
[2026-04-06 15:26:39Z INFO ActionCommandManager] Register action command extension for command group
[2026-04-06 15:26:39Z INFO ActionCommandManager] Register action command extension for command endgroup
[2026-04-06 15:26:39Z INFO ActionCommandManager] Register action command extension for command echo
[2026-04-06 15:26:39Z INFO HostContext] Well known directory 'Bin': 'C:\Users\oi323\OneDrive\Desktop\HW2\actions-runner\bin'
[2026-04-06 15:26:39Z INFO HostContext] Well known directory 'Root': 'C:\Users\oi323\OneDrive\Desktop\HW2\actions-runner'
[2026-04-06 15:26:39Z INFO HostContext] Well known directory 'Externals': 'C:\Users\oi323\OneDrive\Desktop\HW2\actions-runner\externals'
[2026-04-06 15:26:39Z INFO ProcessInvokerWrapper] Starting process:
[2026-04-06 15:26:39Z INFO ProcessInvokerWrapper]   File name: 'C:\Users\oi323\OneDrive\Desktop\HW2\actions-runner\externals\node20\bin\node.exe'
[2026-04-06 15:26:39Z INFO ProcessInvokerWrapper]   Arguments: '"C:\Users\oi323\OneDrive\Desktop\HW2\actions-runner\_work\_actions\docker\login-action\v3\dist/index.js"'
[2026-04-06 15:26:39Z INFO ProcessInvokerWrapper]   Working directory: 'C:\Users\oi323\OneDrive\Desktop\HW2\actions-runner\_work\HW2\HW2'
[2026-04-06 15:26:39Z INFO ProcessInvokerWrapper]   Require exit code zero: 'False'
[2026-04-06 15:26:39Z INFO ProcessInvokerWrapper]   Encoding web name: utf-8 ; code page: '65001'
[2026-04-06 15:26:39Z INFO ProcessInvokerWrapper]   Force kill process on cancellation: 'False'
[2026-04-06 15:26:39Z INFO ProcessInvokerWrapper]   Redirected STDIN: 'False'
[2026-04-06 15:26:39Z INFO ProcessInvokerWrapper]   Persist current code page: 'True'
[2026-04-06 15:26:39Z INFO ProcessInvokerWrapper]   Keep redirected STDIN open: 'False'
[2026-04-06 15:26:39Z INFO ProcessInvokerWrapper]   High priority process: 'False'
[2026-04-06 15:26:39Z INFO ProcessInvokerWrapper] Process started with process id 25796, waiting for process exit.
[2026-04-06 15:26:39Z INFO JobServerQueue] Got a step log file to send to results service.
[2026-04-06 15:26:39Z INFO JobServerQueue] Starting upload of step log file to results service ResultsLog, C:\Users\oi323\OneDrive\Desktop\HW2\actions-runner\_diag\blocks\6cdd7ef0-29f7-43ff-b097-e243c8919e0c_aa0908c3-abda-4501-b9c8-dc1e4f24c1b2.1
[2026-04-06 15:26:39Z INFO JobServerQueue] Try to append 1 batches web console lines for record 'e673401c-7756-47d0-abc0-778057a404da', success rate: 1/1.
[2026-04-06 15:26:39Z INFO JobServerQueue] Try to append 1 batches web console lines for record '38072e70-932d-415f-9d7c-18415b28c6d2', success rate: 1/1.
[2026-04-06 15:26:39Z INFO JobServerQueue] Try to upload 3 log files or attachments, success rate: 3/3.
[2026-04-06 15:26:40Z INFO JobServerQueue] Got a step log file to send to results service.
[2026-04-06 15:26:40Z INFO JobServerQueue] Starting upload of step log file to results service ResultsLog, C:\Users\oi323\OneDrive\Desktop\HW2\actions-runner\_diag\blocks\6cdd7ef0-29f7-43ff-b097-e243c8919e0c_256afdb4-1f68-49c0-89cb-ad1f96ec254d.1
[2026-04-06 15:26:40Z INFO JobServerQueue] Got a step log file to send to results service.
[2026-04-06 15:26:40Z INFO JobServerQueue] Starting upload of step log file to results service ResultsLog, C:\Users\oi323\OneDrive\Desktop\HW2\actions-runner\_diag\blocks\6cdd7ef0-29f7-43ff-b097-e243c8919e0c_e673401c-7756-47d0-abc0-778057a404da.1
[2026-04-06 15:26:41Z INFO JobServerQueue] Tried to upload 3 file(s) to results, success rate: 3/3.
[2026-04-06 15:26:43Z INFO ProcessInvokerWrapper] STDOUT/STDERR stream read finished.
[2026-04-06 15:26:43Z INFO ProcessInvokerWrapper] STDOUT/STDERR stream read finished.
[2026-04-06 15:26:43Z INFO ProcessInvokerWrapper] Finished process 25796 with exit code 0, and elapsed time 00:00:03.7922731.
[2026-04-06 15:26:43Z INFO CreateStepSummaryCommand] Step Summary file (C:\Users\oi323\OneDrive\Desktop\HW2\actions-runner\_work\_temp\_runner_file_commands\step_summary_a8cd6701-3229-4abf-be80-531ac45c1ecf) is empty; skipping attachment upload
[2026-04-06 15:26:43Z INFO StepsRunner] Step result: 
[2026-04-06 15:26:43Z INFO ExecutionContext] Publish step telemetry for current step {
  "action": "docker/login-action",
  "ref": "v3",
  "type": "node20",
  "stage": "Post",
  "stepId": "38072e70-932d-415f-9d7c-18415b28c6d2",
  "result": "succeeded",
  "errorMessages": [],
  "executionTimeInSeconds": 4,
  "startTime": "2026-04-06T15:26:39.3615535Z",
  "finishTime": "2026-04-06T15:26:43.1650674Z"
}.
[2026-04-06 15:26:43Z INFO StepsRunner] No need for updating job result with current step result 'Succeeded'.
[2026-04-06 15:26:43Z INFO StepsRunner] Current state: job state = 'Failed'
[2026-04-06 15:26:43Z INFO JobRunner] Finalize job.
[2026-04-06 15:26:43Z INFO HostContext] Well known directory 'Bin': 'C:\Users\oi323\OneDrive\Desktop\HW2\actions-runner\bin'
[2026-04-06 15:26:43Z INFO HostContext] Well known directory 'Root': 'C:\Users\oi323\OneDrive\Desktop\HW2\actions-runner'
[2026-04-06 15:26:43Z INFO HostContext] Well known directory 'Diag': 'C:\Users\oi323\OneDrive\Desktop\HW2\actions-runner\_diag'
[2026-04-06 15:26:43Z INFO HostContext] Well known directory 'Bin': 'C:\Users\oi323\OneDrive\Desktop\HW2\actions-runner\bin'
[2026-04-06 15:26:43Z INFO HostContext] Well known directory 'Root': 'C:\Users\oi323\OneDrive\Desktop\HW2\actions-runner'
[2026-04-06 15:26:43Z INFO HostContext] Well known directory 'Diag': 'C:\Users\oi323\OneDrive\Desktop\HW2\actions-runner\_diag'
[2026-04-06 15:26:43Z INFO JobExtension] Initialize Env context
[2026-04-06 15:26:43Z INFO JobExtension] Initialize steps context
[2026-04-06 15:26:43Z INFO JobExtension] Total accessible running process: 364.
[2026-04-06 15:26:43Z INFO JobExtension] Inspecting process environment variables. PID: 34924 (chrome)
[2026-04-06 15:26:43Z INFO JobExtension] Inspecting process environment variables. PID: 35612 (chrome)
[2026-04-06 15:26:43Z INFO JobServerQueue] Try to append 1 batches web console lines for record '38072e70-932d-415f-9d7c-18415b28c6d2', success rate: 1/1.
[2026-04-06 15:26:43Z INFO JobServerQueue] Try to append 1 batches web console lines for record '2ee78768-7a61-4e3c-ad5f-b886a333a847', success rate: 1/1.
[2026-04-06 15:26:43Z INFO JobExtension] Inspecting process environment variables. PID: 26476 (docker-model)
[2026-04-06 15:26:43Z INFO JobExtension] Inspecting process environment variables. PID: 25968 (docker-pass)
[2026-04-06 15:26:43Z WARN JobExtension] Ignore exception during read process environment variables: Cannot process request because the process (25968) has exited.
[2026-04-06 15:26:43Z INFO JobExtension] Inspecting process environment variables. PID: 26420 (docker-extension)
[2026-04-06 15:26:43Z WARN JobExtension] Ignore exception during read process environment variables: Cannot process request because the process (26420) has exited.
[2026-04-06 15:26:43Z INFO JobExtension] Inspecting process environment variables. PID: 29732 (docker-debug)
[2026-04-06 15:26:43Z INFO JobExtension] Inspecting process environment variables. PID: 29244 (docker-buildx)
[2026-04-06 15:26:43Z INFO JobExtension] Inspecting process environment variables. PID: 33540 (docker-mcp)
[2026-04-06 15:26:43Z INFO JobExtension] Inspecting process environment variables. PID: 34896 (docker-desktop)
[2026-04-06 15:26:43Z INFO JobExtension] Inspecting process environment variables. PID: 2228 (docker-dhi)
[2026-04-06 15:26:43Z WARN JobExtension] Ignore exception during read process environment variables: Cannot process request because the process (2228) has exited.
[2026-04-06 15:26:43Z INFO JobExtension] Inspecting process environment variables. PID: 32764 (docker-compose)
[2026-04-06 15:26:43Z INFO JobExtension] Inspecting process environment variables. PID: 18156 (docker-scout)
[2026-04-06 15:26:43Z INFO JobExtension] Inspecting process environment variables. PID: 33332 (docker-sbom)
[2026-04-06 15:26:43Z WARN JobExtension] Ignore exception during read process environment variables: Cannot process request because the process (33332) has exited.
[2026-04-06 15:26:43Z INFO JobExtension] Inspecting process environment variables. PID: 23140 (docker-offload)
[2026-04-06 15:26:43Z INFO JobExtension] Inspecting process environment variables. PID: 35824 (docker-ai)
[2026-04-06 15:26:43Z WARN JobExtension] Ignore exception during read process environment variables: Cannot process request because the process (35824) has exited.
[2026-04-06 15:26:43Z INFO JobExtension] Inspecting process environment variables. PID: 33992 (docker-init)
[2026-04-06 15:26:43Z WARN JobExtension] Ignore exception during read process environment variables: Cannot process request because the process (33992) has exited.
[2026-04-06 15:26:43Z INFO JobExtension] Inspecting process environment variables. PID: 35260 (docker-sandbox)
[2026-04-06 15:26:43Z WARN JobExtension] Ignore exception during read process environment variables: Cannot process request because the process (35260) has exited.
[2026-04-06 15:26:43Z INFO JobExtension] Inspecting process environment variables. PID: 15152 (docker-agent)
[2026-04-06 15:26:43Z WARN JobExtension] Ignore exception during read process environment variables: Cannot process request because the process (15152) has exited.
[2026-04-06 15:26:43Z INFO JobExtension] Wait for all connectivity checks to finish.
[2026-04-06 15:26:43Z INFO JobExtension] Connectivity check result: GitHub.Runner.Worker.JobExtension+CheckResult
[2026-04-06 15:26:43Z INFO JobExtension] Connectivity check result: GitHub.Runner.Worker.JobExtension+CheckResult
[2026-04-06 15:26:43Z INFO JobExtension] Connectivity check result: GitHub.Runner.Worker.JobExtension+CheckResult
[2026-04-06 15:26:43Z INFO ExecutionContext] Publish step telemetry for current step {
  "action": "complete_job",
  "type": "runner",
  "stage": "Post",
  "stepId": "2ee78768-7a61-4e3c-ad5f-b886a333a847",
  "result": "succeeded",
  "errorMessages": [
    "Node.js 20 actions are deprecated. The following actions are running on Node.js 20 and may not work as expected: docker/login-action@v3. Actions will be forced to run with Node.js 24 by default starting June 2nd, 2026. Node.js 20 will be removed from the r"
  ],
  "executionTimeInSeconds": 1,
  "startTime": "2026-04-06T15:26:43.1687449Z",
  "finishTime": "2026-04-06T15:26:43.2419788Z"
}.
[2026-04-06 15:26:43Z INFO JobRunner] Job result after all job steps finish: Failed
[2026-04-06 15:26:43Z INFO JobRunner] Completing the job execution context.
[2026-04-06 15:26:43Z INFO JobRunner] Shutting down the job server queue.
[2026-04-06 15:26:43Z INFO JobServerQueue] Fire signal to shutdown all queues.
[2026-04-06 15:26:43Z INFO JobServerQueue] All queue process task stopped.
[2026-04-06 15:26:43Z INFO JobServerQueue] Try to append 1 batches web console lines for record '2ee78768-7a61-4e3c-ad5f-b886a333a847', success rate: 1/1.
[2026-04-06 15:26:43Z INFO JobServerQueue] Web console line queue drained.
[2026-04-06 15:26:43Z INFO JobServerQueue] Uploading 3 files in one shot.
[2026-04-06 15:26:43Z INFO JobServerQueue] Try to upload 3 log files or attachments, success rate: 3/3.
[2026-04-06 15:26:43Z INFO JobServerQueue] File upload queue drained.
[2026-04-06 15:26:43Z INFO JobServerQueue] Starting results-based upload queue...
[2026-04-06 15:26:43Z INFO JobServerQueue] Uploading 3 file(s) in one shot through results service.
[2026-04-06 15:26:43Z INFO JobServerQueue] Got a step log file to send to results service.
[2026-04-06 15:26:43Z INFO JobServerQueue] Starting upload of step log file to results service ResultsLog, C:\Users\oi323\OneDrive\Desktop\HW2\actions-runner\_diag\blocks\6cdd7ef0-29f7-43ff-b097-e243c8919e0c_38072e70-932d-415f-9d7c-18415b28c6d2.1
[2026-04-06 15:26:44Z INFO JobServerQueue] Got a step log file to send to results service.
[2026-04-06 15:26:44Z INFO JobServerQueue] Starting upload of step log file to results service ResultsLog, C:\Users\oi323\OneDrive\Desktop\HW2\actions-runner\_diag\blocks\6cdd7ef0-29f7-43ff-b097-e243c8919e0c_2ee78768-7a61-4e3c-ad5f-b886a333a847.1
[2026-04-06 15:26:45Z INFO JobServerQueue] Got a job log file to send to results service.
[2026-04-06 15:26:45Z INFO JobServerQueue] Starting upload of job log file to results service ResultsLog, C:\Users\oi323\OneDrive\Desktop\HW2\actions-runner\_diag\blocks\6cdd7ef0-29f7-43ff-b097-e243c8919e0c_226d5783-a3ad-5555-b423-20848715fb7c.1
[2026-04-06 15:26:45Z INFO JobServerQueue] Tried to upload 3 file(s) to results, success rate: 3/3.
[2026-04-06 15:26:45Z INFO JobServerQueue] Results upload queue drained.
[2026-04-06 15:26:46Z INFO JobServerQueue] Timeline update queue drained.
[2026-04-06 15:26:46Z INFO JobServerQueue] Disposing job server ...
[2026-04-06 15:26:46Z INFO JobServerQueue] Disposing results server ...
[2026-04-06 15:26:46Z INFO JobServerQueue] All queue process tasks have been stopped, and all queues are drained.
[2026-04-06 15:26:46Z INFO TempDirectoryManager] Cleaning runner temp folder: C:\Users\oi323\OneDrive\Desktop\HW2\actions-runner\_work\_temp
[2026-04-06 15:26:46Z INFO HostContext] Well known directory 'Bin': 'C:\Users\oi323\OneDrive\Desktop\HW2\actions-runner\bin'
[2026-04-06 15:26:46Z INFO HostContext] Well known directory 'Root': 'C:\Users\oi323\OneDrive\Desktop\HW2\actions-runner'
[2026-04-06 15:26:46Z INFO HostContext] Well known directory 'Diag': 'C:\Users\oi323\OneDrive\Desktop\HW2\actions-runner\_diag'
[2026-04-06 15:26:46Z INFO HostContext] Well known config file 'Telemetry': 'C:\Users\oi323\OneDrive\Desktop\HW2\actions-runner\_diag\.telemetry'
[2026-04-06 15:26:46Z INFO JobRunner] Raising job completed against run service
[2026-04-06 15:26:46Z INFO Worker] Job completed.
