[2026-04-06 15:27:27Z INFO HostContext] No proxy settings were found based on environmental variables (http_proxy/https_proxy/HTTP_PROXY/HTTPS_PROXY)
[2026-04-06 15:27:27Z INFO HostContext] Well known directory 'Bin': 'C:\Users\oi323\OneDrive\Desktop\HW2\actions-runner\bin'
[2026-04-06 15:27:27Z INFO HostContext] Well known directory 'Root': 'C:\Users\oi323\OneDrive\Desktop\HW2\actions-runner'
[2026-04-06 15:27:27Z INFO HostContext] Well known config file 'Credentials': 'C:\Users\oi323\OneDrive\Desktop\HW2\actions-runner\.credentials'
[2026-04-06 15:27:27Z INFO HostContext] Well known directory 'Bin': 'C:\Users\oi323\OneDrive\Desktop\HW2\actions-runner\bin'
[2026-04-06 15:27:27Z INFO HostContext] Well known directory 'Root': 'C:\Users\oi323\OneDrive\Desktop\HW2\actions-runner'
[2026-04-06 15:27:27Z INFO HostContext] Well known config file 'Runner': 'C:\Users\oi323\OneDrive\Desktop\HW2\actions-runner\.runner'
[2026-04-06 15:27:27Z INFO Worker] Version: 2.333.1
[2026-04-06 15:27:27Z INFO Worker] Commit: 6792966801e8925346735b68c03bf9f347af4646
[2026-04-06 15:27:27Z INFO Worker] Culture: ko-KR
[2026-04-06 15:27:27Z INFO Worker] UI Culture: ko-KR
[2026-04-06 15:27:28Z INFO Worker] Waiting to receive the job message from the channel.
[2026-04-06 15:27:28Z INFO ProcessChannel] Receiving message of length 21609, with hash 'c218d383973ee0e8743fad075a9e4296e5eb9afed6dcf5873a04402ce9120026'
[2026-04-06 15:27:28Z INFO Worker] Message received.
[2026-04-06 15:27:28Z INFO Worker] Job message:
 {
  "fileTable": [
    ".github/workflows/ci.yml"
  ],
  "mask": [
    {
      "type": "regex",
      "value": "***"
    },
    {
      "type": "regex",
      "value": "***"
    },
    {
      "type": "regex",
      "value": "***"
    },
    {
      "type": "regex",
      "value": "***"
    },
    {
      "type": "regex",
      "value": "***"
    },
    {
      "type": "regex",
      "value": "***"
    },
    {
      "type": "regex",
      "value": "***"
    },
    {
      "type": "regex",
      "value": "***"
    },
    {
      "type": "regex",
      "value": "***"
    },
    {
      "type": "regex",
      "value": "***"
    },
    {
      "type": "regex",
      "value": "***"
    },
    {
      "type": "regex",
      "value": "***"
    },
    {
      "type": "regex",
      "value": "***"
    },
    {
      "type": "regex",
      "value": "***"
    },
    {
      "type": "regex",
      "value": "***"
    },
    {
      "type": "regex",
      "value": "***"
    },
    {
      "type": "regex",
      "value": "***"
    },
    {
      "type": "regex",
      "value": "***"
    }
  ],
  "steps": [
    {
      "type": "action",
      "reference": {
        "type": "repository",
        "name": "docker/login-action",
        "ref": "v3",
        "repositoryType": "GitHub"
      },
      "displayNameToken": {
        "type": 0,
        "file": 1,
        "line": 45,
        "col": 15,
        "lit": "Login to Docker Hub"
      },
      "contextName": "__docker_login-action",
      "inputs": {
        "type": 2,
        "file": 1,
        "line": 48,
        "col": 11,
        "map": [
          {
            "key": {
              "type": 0,
              "file": 1,
              "line": 48,
              "col": 11,
              "lit": "username"
            },
            "value": {
              "type": 0,
              "file": 1,
              "line": 48,
              "col": 21,
              "lit": "pockyextrafine"
            }
          },
          {
            "key": {
              "type": 0,
              "file": 1,
              "line": 49,
              "col": 11,
              "lit": "password"
            },
            "value": {
              "type": 3,
              "file": 1,
              "line": 49,
              "col": 21,
              "expr": "secrets.DOCKERHUB_TOKEN"
            }
          }
        ]
      },
      "condition": "success()",
      "id": "829d79c5-182f-48af-b173-99209222f581",
      "name": "__docker_login-action"
    },
    {
      "type": "action",
      "reference": {
        "type": "script"
      },
      "displayNameToken": {
        "type": 0,
        "file": 1,
        "line": 51,
        "col": 15,
        "lit": "Pull latest image"
      },
      "contextName": "__run",
      "inputs": {
        "type": 2,
        "map": [
          {
            "key": "script",
            "value": {
              "type": 0,
              "file": 1,
              "line": 53,
              "col": 14,
              "lit": "docker pull pockyextrafine/steam-summarizer:latest"
            }
          },
          {
            "key": "shell",
            "value": {
              "type": 0,
              "file": 1,
              "line": 52,
              "col": 16,
              "lit": "pwsh"
            }
          }
        ]
      },
      "condition": "success()",
      "id": "a37654c1-a6ca-4766-93ca-ab7fe2fc94b9",
      "name": "__run"
    },
    {
      "type": "action",
      "reference": {
        "type": "script"
      },
      "displayNameToken": {
        "type": 0,
        "file": 1,
        "line": 55,
        "col": 15,
        "lit": "Stop and Remove Existing Container"
      },
      "contextName": "__run_2",
      "inputs": {
        "type": 2,
        "map": [
          {
            "key": "script",
            "value": {
              "type": 0,
              "file": 1,
              "line": 57,
              "col": 14,
              "lit": "$containerName = \"steam-summarizer\"\n$exists = docker ps -aq --filter \"name=$containerName\"\nif ($exists) {\n    docker stop $containerName\n    docker rm $containerName\n}\n"
            }
          },
          {
            "key": "shell",
            "value": {
              "type": 0,
              "file": 1,
              "line": 56,
              "col": 16,
              "lit": "pwsh"
            }
          }
        ]
      },
      "condition": "success()",
      "id": "493fec0d-d2aa-41fb-b21b-dc6de08904e5",
      "name": "__run_2"
    },
    {
      "type": "action",
      "reference": {
        "type": "script"
      },
      "displayNameToken": {
        "type": 0,
        "file": 1,
        "line": 65,
        "col": 15,
        "lit": "Run New Container"
      },
      "contextName": "__run_3",
      "inputs": {
        "type": 2,
        "map": [
          {
            "key": "script",
            "value": {
              "type": 0,
              "file": 1,
              "line": 67,
              "col": 14,
              "lit": "docker run -d --name steam-summarizer -p 8000:8000 pockyextrafine/steam-summarizer:latest"
            }
          },
          {
            "key": "shell",
            "value": {
              "type": 0,
              "file": 1,
              "line": 66,
              "col": 16,
              "lit": "pwsh"
            }
          }
        ]
      },
      "condition": "success()",
      "id": "ca1a4760-35e5-4f38-9d00-5ca904efb089",
      "name": "__run_3"
    }
  ],
  "variables": {
    "Actions.EnableHttpRedirects": {
      "value": "true"
    },
    "DOCKERHUB_TOKEN": {
      "value": "***",
      "isSecret": true
    },
    "DistributedTask.AddWarningToNode12Action": {
      "value": "true"
    },
    "DistributedTask.AddWarningToNode16Action": {
      "value": "true"
    },
    "DistributedTask.AllowRunnerContainerHooks": {
      "value": "true"
    },
    "DistributedTask.DeprecateStepOutputCommands": {
      "value": "true"
    },
    "DistributedTask.DetailUntarFailure": {
      "value": "true"
    },
    "DistributedTask.EnableCompositeActions": {
      "value": "true"
    },
    "DistributedTask.EnableJobServerQueueTelemetry": {
      "value": "true"
    },
    "DistributedTask.EnhancedAnnotations": {
      "value": "true"
    },
    "DistributedTask.ForceGithubJavascriptActionsToNode16": {
      "value": "true"
    },
    "DistributedTask.ForceGithubJavascriptActionsToNode20": {
      "value": "true"
    },
    "DistributedTask.LogTemplateErrorsAsDebugMessages": {
      "value": "true"
    },
    "DistributedTask.MarkJobAsFailedOnWorkerCrash": {
      "value": "true"
    },
    "DistributedTask.NewActionMetadata": {
      "value": "true"
    },
    "DistributedTask.UploadStepSummary": {
      "value": "true"
    },
    "DistributedTask.UseActionArchiveCache": {
      "value": "true"
    },
    "DistributedTask.UseWhich2": {
      "value": "true"
    },
    "RunService.FixEmbeddedIssues": {
      "value": "true"
    },
    "actions.runner.requirenode24": {
      "value": "false"
    },
    "actions.runner.usenode24bydefault": {
      "value": "false"
    },
    "actions.runner.warnonnode20": {
      "value": "true"
    },
    "actions_add_check_run_id_to_job_context": {
      "value": "true"
    },
    "actions_batch_action_resolution": {
      "value": "false"
    },
    "actions_container_action_runner_temp": {
      "value": "true"
    },
    "actions_display_helpful_actions_download_errors": {
      "value": "true"
    },
    "actions_runner_compare_workflow_parser": {
      "value": "false"
    },
    "actions_runner_deprecate_linux_arm32": {
      "value": "false"
    },
    "actions_runner_emit_composite_markers": {
      "value": "false"
    },
    "actions_runner_kill_linux_arm32": {
      "value": "false"
    },
    "actions_runner_node20_removal_date": {
      "value": ""
    },
    "actions_runner_node24_default_date": {
      "value": ""
    },
    "actions_service_container_command": {
      "value": "true"
    },
    "actions_set_orchestration_id_env_for_actions": {
      "value": "true"
    },
    "actions_skip_retry_complete_job_upon_known_errors": {
      "value": "true"
    },
    "actions_snapshot_preflight_hosted_runner_check": {
      "value": "false"
    },
    "actions_snapshot_preflight_image_gen_pool_check": {
      "value": "false"
    },
    "actions_use_bearer_token_for_codeload": {
      "value": "false"
    },
    "actions_uses_cache_service_v2": {
      "value": "true"
    },
    "github_token": {
      "value": "***",
      "isSecret": true
    },
    "system.from_run_service": {
      "value": "true"
    },
    "system.github.job": {
      "value": "deploy"
    },
    "system.github.launch_endpoint": {
      "value": "https://launch.actions.githubusercontent.com"
    },
    "system.github.results_endpoint": {
      "value": "https://results-receiver.actions.githubusercontent.com/"
    },
    "system.github.results_upload_with_sdk": {
      "value": "true"
    },
    "system.github.token": {
      "value": "***",
      "isSecret": true
    },
    "system.github.token.permissions": {
      "value": "{\"Contents\":\"read\",\"Metadata\":\"read\",\"Packages\":\"read\"}"
    },
    "system.orchestrationId": {
      "value": "04d265df-8304-42c5-8558-a0bc75a7ed27.deploy.__default"
    },
    "system.phaseDisplayName": {
      "value": "deploy"
    },
    "system.runner.lowdiskspacethreshold": {
      "value": "100"
    },
    "system.runnerEnvironment": {
      "value": "self-hosted"
    },
    "system.runnerGroupName": {
      "value": "Default"
    }
  },
  "messageType": "RunnerJobRequest",
  "plan": {
    "scopeIdentifier": "00000000-0000-0000-0000-000000000000",
    "planType": "actions",
    "version": 0,
    "planId": "04d265df-8304-42c5-8558-a0bc75a7ed27",
    "planGroup": null,
    "artifactUri": null,
    "artifactLocation": null,
    "definition": null,
    "owner": null
  },
  "timeline": {
    "id": "04d265df-8304-42c5-8558-a0bc75a7ed27",
    "changeId": 0,
    "location": null
  },
  "jobId": "85589e82-e00e-539a-9290-429ddd24dffb",
  "jobDisplayName": "deploy",
  "jobName": "__default",
  "requestId": 0,
  "lockedUntil": "0001-01-01T00:00:00",
  "resources": {
    "endpoints": [
      {
        "data": {
          "ServerId": "",
          "ServerName": "",
          "CacheServerUrl": "https://artifactcache.actions.githubusercontent.com/gKWO5JZKxLj9FT68W9CqwKfNR6vcmbidj8tq0IJOu5XpBUFWwP/",
          "FeedStreamUrl": "wss://results-receiver.actions.githubusercontent.com/_ws/ingest.sock",
          "ResultsServiceUrl": "https://results-receiver.actions.githubusercontent.com/",
          "PipelinesServiceUrl": "https://pipelinesghubeus11.actions.githubusercontent.com/gKWO5JZKxLj9FT68W9CqwKfNR6vcmbidj8tq0IJOu5XpBUFWwP/",
          "GenerateIdTokenUrl": "",
          "ConnectivityChecks": "[\"https://broker.actions.githubusercontent.com/health\",\"https://token.actions.githubusercontent.com/ready\",\"https://run.actions.githubusercontent.com/health\"]"
        },
        "name": "SystemVssConnection",
        "url": "https://run-actions-1-azure-eastus.actions.githubusercontent.com/104/",
        "authorization": {
          "parameters": {
            "AccessToken": "***"
          },
          "scheme": "OAuth"
        },
        "isShared": false,
        "isReady": true
      }
    ]
  },
  "contextData": {
    "github": {
      "t": 2,
      "d": [
        {
          "k": "ref",
          "v": "refs/heads/main"
        },
        {
          "k": "sha",
          "v": "bf5d57e6ea7df5ac53161351b453b0d81d769e30"
        },
        {
          "k": "repository",
          "v": "pockyextrafine/HW2"
        },
        {
          "k": "repository_owner",
          "v": "pockyextrafine"
        },
        {
          "k": "repository_owner_id",
          "v": "143623470"
        },
        {
          "k": "repositoryUrl",
          "v": "git://github.com/pockyextrafine/HW2.git"
        },
        {
          "k": "run_id",
          "v": "24037756618"
        },
        {
          "k": "run_number",
          "v": "4"
        },
        {
          "k": "retention_days",
          "v": "90"
        },
        {
          "k": "run_attempt",
          "v": "3"
        },
        {
          "k": "artifact_cache_size_limit",
          "v": "10"
        },
        {
          "k": "repository_visibility",
          "v": "public"
        },
        {
          "k": "actor_id",
          "v": "143623470"
        },
        {
          "k": "actor",
          "v": "pockyextrafine"
        },
        {
          "k": "workflow",
          "v": "CI/CD to Docker Hub & Local Deploy"
        },
        {
          "k": "head_ref",
          "v": ""
        },
        {
          "k": "base_ref",
          "v": ""
        },
        {
          "k": "event_name",
          "v": "push"
        },
        {
          "k": "server_url",
          "v": "https://github.com"
        },
        {
          "k": "api_url",
          "v": "https://api.github.com"
        },
        {
          "k": "graphql_url",
          "v": "https://api.github.com/graphql"
        },
        {
          "k": "ref_name",
          "v": "main"
        },
        {
          "k": "ref_protected",
          "v": false
        },
        {
          "k": "ref_type",
          "v": "branch"
        },
        {
          "k": "secret_source",
          "v": "Actions"
        },
        {
          "k": "event",
          "v": {
            "t": 2,
            "d": [
              {
                "k": "after",
                "v": "bf5d57e6ea7df5ac53161351b453b0d81d769e30"
              },
              {
                "k": "base_ref",
                "v": null
              },
              {
                "k": "before",
                "v": "d0eb247dc6153efe85875786d9c8b94e57452533"
              },
              {
                "k": "commits",
                "v": {
                  "t": 1,
                  "a": [
                    {
                      "t": 2,
                      "d": [
                        {
                          "k": "author",
                          "v": {
                            "t": 2,
                            "d": [
                              {
                                "k": "email",
                                "v": "oi32358@khu.ac.kr"
                              },
                              {
                                "k": "name",
                                "v": "ksw"
                              },
                              {
                                "k": "username",
                                "v": "pockyextrafine"
                              }
                            ]
                          }
                        },
                        {
                          "k": "committer",
                          "v": {
                            "t": 2,
                            "d": [
                              {
                                "k": "email",
                                "v": "oi32358@khu.ac.kr"
                              },
                              {
                                "k": "name",
                                "v": "ksw"
                              },
                              {
                                "k": "username",
                                "v": "pockyextrafine"
                              }
                            ]
                          }
                        },
                        {
                          "k": "distinct",
                          "v": true
                        },
                        {
                          "k": "id",
                          "v": "bf5d57e6ea7df5ac53161351b453b0d81d769e30"
                        },
                        {
                          "k": "message",
                          "v": "Complete MLOps pipeline with local auto-deploy"
                        },
                        {
                          "k": "timestamp",
                          "v": "2026-04-07T00:21:24+09:00"
                        },
                        {
                          "k": "tree_id",
                          "v": "f21fb868a090f169e94d572771adc45c82c3ba6f"
                        },
                        {
                          "k": "url",
                          "v": "https://github.com/pockyextrafine/HW2/commit/bf5d57e6ea7df5ac53161351b453b0d81d769e30"
                        }
                      ]
                    }
                  ]
                }
              },
              {
                "k": "compare",
                "v": "https://github.com/pockyextrafine/HW2/compare/d0eb247dc615...bf5d57e6ea7d"
              },
              {
                "k": "created",
                "v": false
              },
              {
                "k": "deleted",
                "v": false
              },
              {
                "k": "forced",
                "v": false
              },
              {
                "k": "head_commit",
                "v": {
                  "t": 2,
                  "d": [
                    {
                      "k": "author",
                      "v": {
                        "t": 2,
                        "d": [
                          {
                            "k": "email",
                            "v": "oi32358@khu.ac.kr"
                          },
                          {
                            "k": "name",
                            "v": "ksw"
                          },
                          {
                            "k": "username",
                            "v": "pockyextrafine"
                          }
                        ]
                      }
                    },
                    {
                      "k": "committer",
                      "v": {
                        "t": 2,
                        "d": [
                          {
                            "k": "email",
                            "v": "oi32358@khu.ac.kr"
                          },
                          {
                            "k": "name",
                            "v": "ksw"
                          },
                          {
                            "k": "username",
                            "v": "pockyextrafine"
                          }
                        ]
                      }
                    },
                    {
                      "k": "distinct",
                      "v": true
                    },
                    {
                      "k": "id",
                      "v": "bf5d57e6ea7df5ac53161351b453b0d81d769e30"
                    },
                    {
                      "k": "message",
                      "v": "Complete MLOps pipeline with local auto-deploy"
                    },
                    {
                      "k": "timestamp",
                      "v": "2026-04-07T00:21:24+09:00"
                    },
                    {
                      "k": "tree_id",
                      "v": "f21fb868a090f169e94d572771adc45c82c3ba6f"
                    },
                    {
                      "k": "url",
                      "v": "https://github.com/pockyextrafine/HW2/commit/bf5d57e6ea7df5ac53161351b453b0d81d769e30"
                    }
                  ]
                }
              },
              {
                "k": "pusher",
                "v": {
                  "t": 2,
                  "d": [
                    {
                      "k": "email",
                      "v": "143623470+pockyextrafine@users.noreply.github.com"
                    },
                    {
                      "k": "name",
                      "v": "pockyextrafine"
                    }
                  ]
                }
              },
              {
                "k": "ref",
                "v": "refs/heads/main"
              },
              {
                "k": "repository",
                "v": {
                  "t": 2,
                  "d": [
                    {
                      "k": "allow_forking",
                      "v": true
                    },
                    {
                      "k": "archive_url",
                      "v": "https://api.github.com/repos/pockyextrafine/HW2/{archive_format}{/ref}"
                    },
                    {
                      "k": "archived",
                      "v": false
                    },
                    {
                      "k": "assignees_url",
                      "v": "https://api.github.com/repos/pockyextrafine/HW2/assignees{/user}"
                    },
                    {
                      "k": "blobs_url",
                      "v": "https://api.github.com/repos/pockyextrafine/HW2/git/blobs{/sha}"
                    },
                    {
                      "k": "branches_url",
                      "v": "https://api.github.com/repos/pockyextrafine/HW2/branches{/branch}"
                    },
                    {
                      "k": "clone_url",
                      "v": "https://github.com/pockyextrafine/HW2.git"
                    },
                    {
                      "k": "collaborators_url",
                      "v": "https://api.github.com/repos/pockyextrafine/HW2/collaborators{/collaborator}"
                    },
                    {
                      "k": "comments_url",
                      "v": "https://api.github.com/repos/pockyextrafine/HW2/comments{/number}"
                    },
                    {
                      "k": "commits_url",
                      "v": "https://api.github.com/repos/pockyextrafine/HW2/commits{/sha}"
                    },
                    {
                      "k": "compare_url",
                      "v": "https://api.github.com/repos/pockyextrafine/HW2/compare/{base}...{head}"
                    },
                    {
                      "k": "contents_url",
                      "v": "https://api.github.com/repos/pockyextrafine/HW2/contents/{+path}"
                    },
                    {
                      "k": "contributors_url",
                      "v": "https://api.github.com/repos/pockyextrafine/HW2/contributors"
                    },
                    {
                      "k": "created_at",
                      "v": 1775472465.0
                    },
                    {
                      "k": "default_branch",
                      "v": "main"
                    },
                    {
                      "k": "deployments_url",
                      "v": "https://api.github.com/repos/pockyextrafine/HW2/deployments"
                    },
                    {
                      "k": "description",
                      "v": null
                    },
                    {
                      "k": "disabled",
                      "v": false
                    },
                    {
                      "k": "downloads_url",
                      "v": "https://api.github.com/repos/pockyextrafine/HW2/downloads"
                    },
                    {
                      "k": "events_url",
                      "v": "https://api.github.com/repos/pockyextrafine/HW2/events"
                    },
                    {
                      "k": "fork",
                      "v": false
                    },
                    {
                      "k": "forks",
                      "v": 0.0
                    },
                    {
                      "k": "forks_count",
                      "v": 0.0
                    },
                    {
                      "k": "forks_url",
                      "v": "https://api.github.com/repos/pockyextrafine/HW2/forks"
                    },
                    {
                      "k": "full_name",
                      "v": "pockyextrafine/HW2"
                    },
                    {
                      "k": "git_commits_url",
                      "v": "https://api.github.com/repos/pockyextrafine/HW2/git/commits{/sha}"
                    },
                    {
                      "k": "git_refs_url",
                      "v": "https://api.github.com/repos/pockyextrafine/HW2/git/refs{/sha}"
                    },
                    {
                      "k": "git_tags_url",
                      "v": "https://api.github.com/repos/pockyextrafine/HW2/git/tags{/sha}"
                    },
                    {
                      "k": "git_url",
                      "v": "git://github.com/pockyextrafine/HW2.git"
                    },
                    {
                      "k": "has_discussions",
                      "v": false
                    },
                    {
                      "k": "has_downloads",
                      "v": true
                    },
                    {
                      "k": "has_issues",
                      "v": true
                    },
                    {
                      "k": "has_pages",
                      "v": false
                    },
                    {
                      "k": "has_projects",
                      "v": true
                    },
                    {
                      "k": "has_pull_requests",
                      "v": true
                    },
                    {
                      "k": "has_wiki",
                      "v": true
                    },
                    {
                      "k": "homepage",
                      "v": null
                    },
                    {
                      "k": "hooks_url",
                      "v": "https://api.github.com/repos/pockyextrafine/HW2/hooks"
                    },
                    {
                      "k": "html_url",
                      "v": "https://github.com/pockyextrafine/HW2"
                    },
                    {
                      "k": "id",
                      "v": 1202736567.0
                    },
                    {
                      "k": "is_template",
                      "v": false
                    },
                    {
                      "k": "issue_comment_url",
                      "v": "https://api.github.com/repos/pockyextrafine/HW2/issues/comments{/number}"
                    },
                    {
                      "k": "issue_events_url",
                      "v": "https://api.github.com/repos/pockyextrafine/HW2/issues/events{/number}"
                    },
                    {
                      "k": "issues_url",
                      "v": "https://api.github.com/repos/pockyextrafine/HW2/issues{/number}"
                    },
                    {
                      "k": "keys_url",
                      "v": "https://api.github.com/repos/pockyextrafine/HW2/keys{/key_id}"
                    },
                    {
                      "k": "labels_url",
                      "v": "https://api.github.com/repos/pockyextrafine/HW2/labels{/name}"
                    },
                    {
                      "k": "language",
                      "v": "Python"
                    },
                    {
                      "k": "languages_url",
                      "v": "https://api.github.com/repos/pockyextrafine/HW2/languages"
                    },
                    {
                      "k": "license",
                      "v": null
                    },
                    {
                      "k": "master_branch",
                      "v": "main"
                    },
                    {
                      "k": "merges_url",
                      "v": "https://api.github.com/repos/pockyextrafine/HW2/merges"
                    },
                    {
                      "k": "milestones_url",
                      "v": "https://api.github.com/repos/pockyextrafine/HW2/milestones{/number}"
                    },
                    {
                      "k": "mirror_url",
                      "v": null
                    },
                    {
                      "k": "name",
                      "v": "HW2"
                    },
                    {
                      "k": "node_id",
                      "v": "R_kgDOR7BNtw"
                    },
                    {
                      "k": "notifications_url",
                      "v": "https://api.github.com/repos/pockyextrafine/HW2/notifications{?since,all,participating}"
                    },
                    {
                      "k": "open_issues",
                      "v": 0.0
                    },
                    {
                      "k": "open_issues_count",
                      "v": 0.0
                    },
                    {
                      "k": "owner",
                      "v": {
                        "t": 2,
                        "d": [
                          {
                            "k": "avatar_url",
                            "v": "https://avatars.githubusercontent.com/u/143623470?v=4"
                          },
                          {
                            "k": "email",
                            "v": "143623470+pockyextrafine@users.noreply.github.com"
                          },
                          {
                            "k": "events_url",
                            "v": "https://api.github.com/users/pockyextrafine/events{/privacy}"
                          },
                          {
                            "k": "followers_url",
                            "v": "https://api.github.com/users/pockyextrafine/followers"
                          },
                          {
                            "k": "following_url",
                            "v": "https://api.github.com/users/pockyextrafine/following{/other_user}"
                          },
                          {
                            "k": "gists_url",
                            "v": "https://api.github.com/users/pockyextrafine/gists{/gist_id}"
                          },
                          {
                            "k": "gravatar_id",
                            "v": ""
                          },
                          {
                            "k": "html_url",
                            "v": "https://github.com/pockyextrafine"
                          },
                          {
                            "k": "id",
                            "v": 143623470.0
                          },
                          {
                            "k": "login",
                            "v": "pockyextrafine"
                          },
                          {
                            "k": "name",
                            "v": "pockyextrafine"
                          },
                          {
                            "k": "node_id",
                            "v": "U_kgDOCI-FLg"
                          },
                          {
                            "k": "organizations_url",
                            "v": "https://api.github.com/users/pockyextrafine/orgs"
                          },
                          {
                            "k": "received_events_url",
                            "v": "https://api.github.com/users/pockyextrafine/received_events"
                          },
                          {
                            "k": "repos_url",
                            "v": "https://api.github.com/users/pockyextrafine/repos"
                          },
                          {
                            "k": "site_admin",
                            "v": false
                          },
                          {
                            "k": "starred_url",
                            "v": "https://api.github.com/users/pockyextrafine/starred{/owner}{/repo}"
                          },
                          {
                            "k": "subscriptions_url",
                            "v": "https://api.github.com/users/pockyextrafine/subscriptions"
                          },
                          {
                            "k": "type",
                            "v": "User"
                          },
                          {
                            "k": "url",
                            "v": "https://api.github.com/users/pockyextrafine"
                          },
                          {
                            "k": "user_view_type",
                            "v": "public"
                          }
                        ]
                      }
                    },
                    {
                      "k": "private",
                      "v": false
                    },
                    {
                      "k": "pull_request_creation_policy",
                      "v": "all"
                    },
                    {
                      "k": "pulls_url",
                      "v": "https://api.github.com/repos/pockyextrafine/HW2/pulls{/number}"
                    },
                    {
                      "k": "pushed_at",
                      "v": 1775488917.0
                    },
                    {
                      "k": "releases_url",
                      "v": "https://api.github.com/repos/pockyextrafine/HW2/releases{/id}"
                    },
                    {
                      "k": "size",
                      "v": 0.0
                    },
                    {
                      "k": "ssh_url",
                      "v": "git@github.com:pockyextrafine/HW2.git"
                    },
                    {
                      "k": "stargazers",
                      "v": 0.0
                    },
                    {
                      "k": "stargazers_count",
                      "v": 0.0
                    },
                    {
                      "k": "stargazers_url",
                      "v": "https://api.github.com/repos/pockyextrafine/HW2/stargazers"
                    },
                    {
                      "k": "statuses_url",
                      "v": "https://api.github.com/repos/pockyextrafine/HW2/statuses/{sha}"
                    },
                    {
                      "k": "subscribers_url",
                      "v": "https://api.github.com/repos/pockyextrafine/HW2/subscribers"
                    },
                    {
                      "k": "subscription_url",
                      "v": "https://api.github.com/repos/pockyextrafine/HW2/subscription"
                    },
                    {
                      "k": "svn_url",
                      "v": "https://github.com/pockyextrafine/HW2"
                    },
                    {
                      "k": "tags_url",
                      "v": "https://api.github.com/repos/pockyextrafine/HW2/tags"
                    },
                    {
                      "k": "teams_url",
                      "v": "https://api.github.com/repos/pockyextrafine/HW2/teams"
                    },
                    {
                      "k": "topics",
                      "v": {
                        "t": 1
                      }
                    },
                    {
                      "k": "trees_url",
                      "v": "https://api.github.com/repos/pockyextrafine/HW2/git/trees{/sha}"
                    },
                    {
                      "k": "updated_at",
                      "v": "2026-04-06T15:01:58Z"
                    },
                    {
                      "k": "url",
                      "v": "https://api.github.com/repos/pockyextrafine/HW2"
                    },
                    {
                      "k": "visibility",
                      "v": "public"
                    },
                    {
                      "k": "watchers",
                      "v": 0.0
                    },
                    {
                      "k": "watchers_count",
                      "v": 0.0
                    },
                    {
                      "k": "web_commit_signoff_required",
                      "v": false
                    }
                  ]
                }
              },
              {
                "k": "sender",
                "v": {
                  "t": 2,
                  "d": [
                    {
                      "k": "avatar_url",
                      "v": "https://avatars.githubusercontent.com/u/143623470?v=4"
                    },
                    {
                      "k": "events_url",
                      "v": "https://api.github.com/users/pockyextrafine/events{/privacy}"
                    },
                    {
                      "k": "followers_url",
                      "v": "https://api.github.com/users/pockyextrafine/followers"
                    },
                    {
                      "k": "following_url",
                      "v": "https://api.github.com/users/pockyextrafine/following{/other_user}"
                    },
                    {
                      "k": "gists_url",
                      "v": "https://api.github.com/users/pockyextrafine/gists{/gist_id}"
                    },
                    {
                      "k": "gravatar_id",
                      "v": ""
                    },
                    {
                      "k": "html_url",
                      "v": "https://github.com/pockyextrafine"
                    },
                    {
                      "k": "id",
                      "v": 143623470.0
                    },
                    {
                      "k": "login",
                      "v": "pockyextrafine"
                    },
                    {
                      "k": "node_id",
                      "v": "U_kgDOCI-FLg"
                    },
                    {
                      "k": "organizations_url",
                      "v": "https://api.github.com/users/pockyextrafine/orgs"
                    },
                    {
                      "k": "received_events_url",
                      "v": "https://api.github.com/users/pockyextrafine/received_events"
                    },
                    {
                      "k": "repos_url",
                      "v": "https://api.github.com/users/pockyextrafine/repos"
                    },
                    {
                      "k": "site_admin",
                      "v": false
                    },
                    {
                      "k": "starred_url",
                      "v": "https://api.github.com/users/pockyextrafine/starred{/owner}{/repo}"
                    },
                    {
                      "k": "subscriptions_url",
                      "v": "https://api.github.com/users/pockyextrafine/subscriptions"
                    },
                    {
                      "k": "type",
                      "v": "User"
                    },
                    {
                      "k": "url",
                      "v": "https://api.github.com/users/pockyextrafine"
                    },
                    {
                      "k": "user_view_type",
                      "v": "public"
                    }
                  ]
                }
              }
            ]
          }
        },
        {
          "k": "workflow_ref",
          "v": "pockyextrafine/HW2/.github/workflows/ci.yml@refs/heads/main"
        },
        {
          "k": "workflow_sha",
          "v": "bf5d57e6ea7df5ac53161351b453b0d81d769e30"
        },
        {
          "k": "repository_id",
          "v": "1202736567"
        },
        {
          "k": "triggering_actor",
          "v": "pockyextrafine"
        }
      ]
    },
    "inputs": {
      "t": 2
    },
    "job": {
      "t": 2,
      "d": [
        {
          "k": "check_run_id",
          "v": 70102178888.0
        }
      ]
    },
    "matrix": null,
    "needs": {
      "t": 2,
      "d": [
        {
          "k": "build-and-push",
          "v": {
            "t": 2,
            "d": [
              {
                "k": "result",
                "v": "success"
              },
              {
                "k": "outputs",
                "v": {
                  "t": 2
                }
              }
            ]
          }
        }
      ]
    },
    "strategy": {
      "t": 2,
      "d": [
        {
          "k": "fail-fast",
          "v": true
        },
        {
          "k": "job-index",
          "v": 0.0
        },
        {
          "k": "job-total",
          "v": 1.0
        },
        {
          "k": "max-parallel",
          "v": 1.0
        }
      ]
    },
    "vars": {
      "t": 2
    }
  },
  "billingOwnerId": "U_kgDOCI-FLg"
}
[2026-04-06 15:27:28Z INFO JobRunner] Job ID 85589e82-e00e-539a-9290-429ddd24dffb
[2026-04-06 15:27:28Z INFO ConfigurationStore] currentAssemblyLocation: C:\Users\oi323\OneDrive\Desktop\HW2\actions-runner\bin\Runner.Worker.dll
[2026-04-06 15:27:28Z INFO HostContext] Well known directory 'Bin': 'C:\Users\oi323\OneDrive\Desktop\HW2\actions-runner\bin'
[2026-04-06 15:27:28Z INFO ConfigurationStore] binPath: C:\Users\oi323\OneDrive\Desktop\HW2\actions-runner\bin
[2026-04-06 15:27:28Z INFO HostContext] Well known directory 'Bin': 'C:\Users\oi323\OneDrive\Desktop\HW2\actions-runner\bin'
[2026-04-06 15:27:28Z INFO HostContext] Well known directory 'Root': 'C:\Users\oi323\OneDrive\Desktop\HW2\actions-runner'
[2026-04-06 15:27:28Z INFO ConfigurationStore] RootFolder: C:\Users\oi323\OneDrive\Desktop\HW2\actions-runner
[2026-04-06 15:27:28Z INFO HostContext] Well known directory 'Bin': 'C:\Users\oi323\OneDrive\Desktop\HW2\actions-runner\bin'
[2026-04-06 15:27:28Z INFO HostContext] Well known directory 'Root': 'C:\Users\oi323\OneDrive\Desktop\HW2\actions-runner'
[2026-04-06 15:27:28Z INFO HostContext] Well known config file 'Runner': 'C:\Users\oi323\OneDrive\Desktop\HW2\actions-runner\.runner'
[2026-04-06 15:27:28Z INFO ConfigurationStore] ConfigFilePath: C:\Users\oi323\OneDrive\Desktop\HW2\actions-runner\.runner
[2026-04-06 15:27:28Z INFO HostContext] Well known directory 'Bin': 'C:\Users\oi323\OneDrive\Desktop\HW2\actions-runner\bin'
[2026-04-06 15:27:28Z INFO HostContext] Well known directory 'Root': 'C:\Users\oi323\OneDrive\Desktop\HW2\actions-runner'
[2026-04-06 15:27:28Z INFO HostContext] Well known config file 'MigratedRunner': 'C:\Users\oi323\OneDrive\Desktop\HW2\actions-runner\.runner_migrated'
[2026-04-06 15:27:28Z INFO ConfigurationStore] MigratedConfigFilePath: C:\Users\oi323\OneDrive\Desktop\HW2\actions-runner\.runner_migrated
[2026-04-06 15:27:28Z INFO HostContext] Well known directory 'Bin': 'C:\Users\oi323\OneDrive\Desktop\HW2\actions-runner\bin'
[2026-04-06 15:27:28Z INFO HostContext] Well known directory 'Root': 'C:\Users\oi323\OneDrive\Desktop\HW2\actions-runner'
[2026-04-06 15:27:28Z INFO HostContext] Well known config file 'Credentials': 'C:\Users\oi323\OneDrive\Desktop\HW2\actions-runner\.credentials'
[2026-04-06 15:27:28Z INFO ConfigurationStore] CredFilePath: C:\Users\oi323\OneDrive\Desktop\HW2\actions-runner\.credentials
[2026-04-06 15:27:28Z INFO HostContext] Well known directory 'Bin': 'C:\Users\oi323\OneDrive\Desktop\HW2\actions-runner\bin'
[2026-04-06 15:27:28Z INFO HostContext] Well known directory 'Root': 'C:\Users\oi323\OneDrive\Desktop\HW2\actions-runner'
[2026-04-06 15:27:28Z INFO HostContext] Well known config file 'MigratedCredentials': 'C:\Users\oi323\OneDrive\Desktop\HW2\actions-runner\.credentials_migrated'
[2026-04-06 15:27:28Z INFO ConfigurationStore] MigratedCredFilePath: C:\Users\oi323\OneDrive\Desktop\HW2\actions-runner\.credentials_migrated
[2026-04-06 15:27:28Z INFO HostContext] Well known directory 'Bin': 'C:\Users\oi323\OneDrive\Desktop\HW2\actions-runner\bin'
[2026-04-06 15:27:28Z INFO HostContext] Well known directory 'Root': 'C:\Users\oi323\OneDrive\Desktop\HW2\actions-runner'
[2026-04-06 15:27:28Z INFO HostContext] Well known config file 'Service': 'C:\Users\oi323\OneDrive\Desktop\HW2\actions-runner\.service'
[2026-04-06 15:27:28Z INFO ConfigurationStore] ServiceConfigFilePath: C:\Users\oi323\OneDrive\Desktop\HW2\actions-runner\.service
[2026-04-06 15:27:28Z INFO ConfigurationStore] Read setting file: 397 chars
[2026-04-06 15:27:28Z INFO JobRunner] Initializing launch client
[2026-04-06 15:27:28Z INFO JobServerQueue] Initializing results client
[2026-04-06 15:27:28Z INFO ResultServer] Creating websocket client ...wss://results-receiver.actions.githubusercontent.com/_ws/ingest.sock
[2026-04-06 15:27:28Z INFO ResultServer] Attempting to start websocket client with delay 00:00:00.
[2026-04-06 15:27:28Z INFO JobServerQueue] Start process web console line queue.
[2026-04-06 15:27:28Z INFO JobServerQueue] Start process file upload queue.
[2026-04-06 15:27:28Z INFO JobServerQueue] Start results file upload queue.
[2026-04-06 15:27:28Z INFO JobServerQueue] Starting results-based upload queue...
[2026-04-06 15:27:28Z INFO JobServerQueue] Start process timeline update queue.
[2026-04-06 15:27:28Z INFO ExecutionContext] Initializing Job context
[2026-04-06 15:27:28Z INFO ExecutionContext] Initialize GitHub context
[2026-04-06 15:27:28Z INFO ExecutionContext] Initialize Env context
[2026-04-06 15:27:28Z INFO HostContext] Well known directory 'Bin': 'C:\Users\oi323\OneDrive\Desktop\HW2\actions-runner\bin'
[2026-04-06 15:27:28Z INFO HostContext] Well known directory 'Root': 'C:\Users\oi323\OneDrive\Desktop\HW2\actions-runner'
[2026-04-06 15:27:28Z INFO HostContext] Well known directory 'Diag': 'C:\Users\oi323\OneDrive\Desktop\HW2\actions-runner\_diag'
[2026-04-06 15:27:28Z INFO HostContext] Well known directory 'Bin': 'C:\Users\oi323\OneDrive\Desktop\HW2\actions-runner\bin'
[2026-04-06 15:27:28Z INFO HostContext] Well known directory 'Root': 'C:\Users\oi323\OneDrive\Desktop\HW2\actions-runner'
[2026-04-06 15:27:28Z INFO HostContext] Well known directory 'Diag': 'C:\Users\oi323\OneDrive\Desktop\HW2\actions-runner\_diag'
[2026-04-06 15:27:28Z INFO JobRunner] Starting the job execution context.
[2026-04-06 15:27:28Z INFO HostContext] Well known directory 'Bin': 'C:\Users\oi323\OneDrive\Desktop\HW2\actions-runner\bin'
[2026-04-06 15:27:28Z INFO HostContext] Well known directory 'Root': 'C:\Users\oi323\OneDrive\Desktop\HW2\actions-runner'
[2026-04-06 15:27:28Z INFO HostContext] Well known directory 'Work': 'C:\Users\oi323\OneDrive\Desktop\HW2\actions-runner\_work'
[2026-04-06 15:27:28Z INFO JobRunner] Validating directory permissions for: 'C:\Users\oi323\OneDrive\Desktop\HW2\actions-runner\_work'
[2026-04-06 15:27:28Z INFO HostContext] Well known directory 'Bin': 'C:\Users\oi323\OneDrive\Desktop\HW2\actions-runner\bin'
[2026-04-06 15:27:28Z INFO HostContext] Well known directory 'Root': 'C:\Users\oi323\OneDrive\Desktop\HW2\actions-runner'
[2026-04-06 15:27:28Z INFO HostContext] Well known directory 'Work': 'C:\Users\oi323\OneDrive\Desktop\HW2\actions-runner\_work'
[2026-04-06 15:27:28Z INFO HostContext] Well known directory 'Tools': 'C:\Users\oi323\OneDrive\Desktop\HW2\actions-runner\_work\_tool'
[2026-04-06 15:27:28Z INFO HostContext] Well known directory 'Bin': 'C:\Users\oi323\OneDrive\Desktop\HW2\actions-runner\bin'
[2026-04-06 15:27:28Z INFO HostContext] Well known directory 'Root': 'C:\Users\oi323\OneDrive\Desktop\HW2\actions-runner'
[2026-04-06 15:27:28Z INFO HostContext] Well known directory 'Work': 'C:\Users\oi323\OneDrive\Desktop\HW2\actions-runner\_work'
[2026-04-06 15:27:28Z INFO HostContext] Well known directory 'Temp': 'C:\Users\oi323\OneDrive\Desktop\HW2\actions-runner\_work\_temp'
[2026-04-06 15:27:28Z INFO JobRunner] Getting job extension.
[2026-04-06 15:27:28Z INFO JobRunner] Initialize job. Getting all job steps.
[2026-04-06 15:27:28Z INFO HostContext] Well known directory 'Bin': 'C:\Users\oi323\OneDrive\Desktop\HW2\actions-runner\bin'
[2026-04-06 15:27:28Z INFO HostContext] Well known directory 'Root': 'C:\Users\oi323\OneDrive\Desktop\HW2\actions-runner'
[2026-04-06 15:27:28Z INFO HostContext] Well known directory 'Diag': 'C:\Users\oi323\OneDrive\Desktop\HW2\actions-runner\_diag'
[2026-04-06 15:27:28Z INFO HostContext] Well known directory 'Bin': 'C:\Users\oi323\OneDrive\Desktop\HW2\actions-runner\bin'
[2026-04-06 15:27:28Z INFO HostContext] Well known directory 'Root': 'C:\Users\oi323\OneDrive\Desktop\HW2\actions-runner'
[2026-04-06 15:27:28Z INFO HostContext] Well known directory 'Diag': 'C:\Users\oi323\OneDrive\Desktop\HW2\actions-runner\_diag'
[2026-04-06 15:27:28Z INFO HostContext] Well known directory 'Bin': 'C:\Users\oi323\OneDrive\Desktop\HW2\actions-runner\bin'
[2026-04-06 15:27:28Z INFO HostContext] Well known directory 'Root': 'C:\Users\oi323\OneDrive\Desktop\HW2\actions-runner'
[2026-04-06 15:27:28Z INFO HostContext] Well known config file 'Credentials': 'C:\Users\oi323\OneDrive\Desktop\HW2\actions-runner\.credentials'
[2026-04-06 15:27:28Z INFO HostContext] Well known directory 'Bin': 'C:\Users\oi323\OneDrive\Desktop\HW2\actions-runner\bin'
[2026-04-06 15:27:28Z INFO HostContext] Well known directory 'Root': 'C:\Users\oi323\OneDrive\Desktop\HW2\actions-runner'
[2026-04-06 15:27:28Z INFO HostContext] Well known config file 'SetupInfo': 'C:\Users\oi323\OneDrive\Desktop\HW2\actions-runner\.setup_info'
[2026-04-06 15:27:28Z INFO HostContext] Well known directory 'Bin': 'C:\Users\oi323\OneDrive\Desktop\HW2\actions-runner\bin'
[2026-04-06 15:27:28Z INFO HostContext] Well known directory 'Root': 'C:\Users\oi323\OneDrive\Desktop\HW2\actions-runner'
[2026-04-06 15:27:28Z INFO HostContext] Well known directory 'Work': 'C:\Users\oi323\OneDrive\Desktop\HW2\actions-runner\_work'
[2026-04-06 15:27:28Z INFO PipelineDirectoryManager] Loading tracking config if exists: C:\Users\oi323\OneDrive\Desktop\HW2\actions-runner\_work\_PipelineMapping\pockyextrafine/HW2\PipelineFolder.json
[2026-04-06 15:27:28Z INFO PipelineDirectoryManager] Updating job run properties.
[2026-04-06 15:27:28Z INFO HostContext] Well known directory 'Bin': 'C:\Users\oi323\OneDrive\Desktop\HW2\actions-runner\bin'
[2026-04-06 15:27:28Z INFO HostContext] Well known directory 'Root': 'C:\Users\oi323\OneDrive\Desktop\HW2\actions-runner'
[2026-04-06 15:27:28Z INFO HostContext] Well known directory 'Work': 'C:\Users\oi323\OneDrive\Desktop\HW2\actions-runner\_work'
[2026-04-06 15:27:28Z INFO HostContext] Well known directory 'Bin': 'C:\Users\oi323\OneDrive\Desktop\HW2\actions-runner\bin'
[2026-04-06 15:27:28Z INFO HostContext] Well known directory 'Root': 'C:\Users\oi323\OneDrive\Desktop\HW2\actions-runner'
[2026-04-06 15:27:28Z INFO HostContext] Well known directory 'Work': 'C:\Users\oi323\OneDrive\Desktop\HW2\actions-runner\_work'
[2026-04-06 15:27:28Z INFO HostContext] Well known directory 'Bin': 'C:\Users\oi323\OneDrive\Desktop\HW2\actions-runner\bin'
[2026-04-06 15:27:28Z INFO HostContext] Well known directory 'Root': 'C:\Users\oi323\OneDrive\Desktop\HW2\actions-runner'
[2026-04-06 15:27:28Z INFO HostContext] Well known directory 'Work': 'C:\Users\oi323\OneDrive\Desktop\HW2\actions-runner\_work'
[2026-04-06 15:27:28Z INFO JobExtension] Downloading actions
[2026-04-06 15:27:28Z INFO HostContext] Well known directory 'Bin': 'C:\Users\oi323\OneDrive\Desktop\HW2\actions-runner\bin'
[2026-04-06 15:27:28Z INFO HostContext] Well known directory 'Root': 'C:\Users\oi323\OneDrive\Desktop\HW2\actions-runner'
[2026-04-06 15:27:28Z INFO HostContext] Well known directory 'Work': 'C:\Users\oi323\OneDrive\Desktop\HW2\actions-runner\_work'
[2026-04-06 15:27:28Z INFO HostContext] Well known directory 'Actions': 'C:\Users\oi323\OneDrive\Desktop\HW2\actions-runner\_work\_actions'
[2026-04-06 15:27:28Z INFO Worker] Listening for cancel message from the channel.
[2026-04-06 15:27:28Z INFO Worker] Waiting for the job to complete or for a cancel message from the channel.
[2026-04-06 15:27:28Z INFO ResultServer] Successfully started websocket client.
[2026-04-06 15:27:28Z INFO JobServerQueue] Try to append 1 batches web console lines for record '425a0844-1f1f-46ed-8fbc-1595de165d07', success rate: 1/1.
[2026-04-06 15:27:28Z INFO HostContext] Well known directory 'Bin': 'C:\Users\oi323\OneDrive\Desktop\HW2\actions-runner\bin'
[2026-04-06 15:27:28Z INFO HostContext] Well known directory 'Root': 'C:\Users\oi323\OneDrive\Desktop\HW2\actions-runner'
[2026-04-06 15:27:28Z INFO HostContext] Well known directory 'Work': 'C:\Users\oi323\OneDrive\Desktop\HW2\actions-runner\_work'
[2026-04-06 15:27:28Z INFO HostContext] Well known directory 'Actions': 'C:\Users\oi323\OneDrive\Desktop\HW2\actions-runner\_work\_actions'
[2026-04-06 15:27:28Z INFO HostContext] Well known directory 'Bin': 'C:\Users\oi323\OneDrive\Desktop\HW2\actions-runner\bin'
[2026-04-06 15:27:28Z INFO HostContext] Well known directory 'Root': 'C:\Users\oi323\OneDrive\Desktop\HW2\actions-runner'
[2026-04-06 15:27:28Z INFO HostContext] Well known directory 'Work': 'C:\Users\oi323\OneDrive\Desktop\HW2\actions-runner\_work'
[2026-04-06 15:27:28Z INFO HostContext] Well known directory 'Actions': 'C:\Users\oi323\OneDrive\Desktop\HW2\actions-runner\_work\_actions'
[2026-04-06 15:27:28Z INFO ActionManager] Save archive 'https://api.github.com/repos/docker/login-action/zipball/c94ce9fb468520275223c153574b00df6fe4bcc9' into C:\Users\oi323\OneDrive\Desktop\HW2\actions-runner\_work\_actions\_temp_19e861ea-2691-4402-8c30-cc49caae8506\2ac794d6-eb24-4ac7-918e-295e914b3029.zip.
[2026-04-06 15:27:28Z INFO JobServerQueue] Try to append 1 batches web console lines for record '425a0844-1f1f-46ed-8fbc-1595de165d07', success rate: 1/1.
[2026-04-06 15:27:29Z INFO JobServerQueue] Job timeline record has been updated for the first time.
[2026-04-06 15:27:29Z INFO ActionManager] Request URL: https://api.github.com/repos/docker/login-action/zipball/c94ce9fb468520275223c153574b00df6fe4bcc9 X-GitHub-Request-Id: DEC2:2B73D0:380B0:2D1609:69D3D0E3 Http Status: OK
[2026-04-06 15:27:29Z INFO ActionManager] Finished getting action repository.
[2026-04-06 15:27:29Z INFO HostContext] Well known directory 'Bin': 'C:\Users\oi323\OneDrive\Desktop\HW2\actions-runner\bin'
[2026-04-06 15:27:29Z INFO HostContext] Well known directory 'Root': 'C:\Users\oi323\OneDrive\Desktop\HW2\actions-runner'
[2026-04-06 15:27:29Z INFO HostContext] Well known directory 'Work': 'C:\Users\oi323\OneDrive\Desktop\HW2\actions-runner\_work'
[2026-04-06 15:27:29Z INFO HostContext] Well known directory 'Actions': 'C:\Users\oi323\OneDrive\Desktop\HW2\actions-runner\_work\_actions'
[2026-04-06 15:27:29Z INFO ActionManifestManagerLegacy] Load schema file with definitions: [
  "null",
  "boolean",
  "number",
  "string",
  "sequence",
  "mapping",
  "any",
  "action-root",
  "inputs",
  "input",
  "outputs",
  "output-definition",
  "runs",
  "container-runs",
  "container-runs-args",
  "container-runs-env",
  "node-runs",
  "plugin-runs",
  "composite-runs",
  "composite-steps",
  "composite-step",
  "run-step",
  "uses-step",
  "container-runs-context",
  "output-value",
  "input-default-context",
  "non-empty-string",
  "string-steps-context",
  "boolean-steps-context",
  "step-env",
  "step-if",
  "step-with"
]
[2026-04-06 15:27:29Z INFO ActionManifestManager] Load schema file with definitions: [
  "null",
  "boolean",
  "number",
  "string",
  "sequence",
  "mapping",
  "any",
  "action-root",
  "inputs",
  "input",
  "outputs",
  "output-definition",
  "runs",
  "container-runs",
  "container-runs-args",
  "container-runs-env",
  "node-runs",
  "plugin-runs",
  "composite-runs",
  "composite-steps",
  "composite-step",
  "run-step",
  "uses-step",
  "container-runs-context",
  "output-value",
  "input-default-context",
  "non-empty-string",
  "string-steps-context",
  "boolean-steps-context",
  "step-env",
  "step-if",
  "step-with"
]
[2026-04-06 15:27:29Z INFO HostContext] Well known directory 'Bin': 'C:\Users\oi323\OneDrive\Desktop\HW2\actions-runner\bin'
[2026-04-06 15:27:29Z INFO HostContext] Well known directory 'Root': 'C:\Users\oi323\OneDrive\Desktop\HW2\actions-runner'
[2026-04-06 15:27:29Z INFO HostContext] Well known directory 'Work': 'C:\Users\oi323\OneDrive\Desktop\HW2\actions-runner\_work'
[2026-04-06 15:27:29Z INFO HostContext] Well known directory 'Actions': 'C:\Users\oi323\OneDrive\Desktop\HW2\actions-runner\_work\_actions'
[2026-04-06 15:27:29Z INFO ActionManifestManagerLegacy] Ignore action property author.
[2026-04-06 15:27:29Z INFO ActionManifestManagerLegacy] Ignore action property branding.
[2026-04-06 15:27:29Z INFO ActionManifestManagerLegacy] Loaded action.yml file: {
  "name": "Docker Login",
  "description": "GitHub Action to login against a Docker registry",
  "inputs": {
    "type": 2,
    "map": [
      {
        "key": {
          "type": 0,
          "file": 2,
          "line": 10,
          "col": 3,
          "lit": "registry"
        },
        "value": ""
      },
      {
        "key": {
          "type": 0,
          "file": 2,
          "line": 13,
          "col": 3,
          "lit": "username"
        },
        "value": ""
      },
      {
        "key": {
          "type": 0,
          "file": 2,
          "line": 16,
          "col": 3,
          "lit": "password"
        },
        "value": ""
      },
      {
        "key": {
          "type": 0,
          "file": 2,
          "line": 19,
          "col": 3,
          "lit": "ecr"
        },
        "value": ""
      },
      {
        "key": {
          "type": 0,
          "file": 2,
          "line": 22,
          "col": 3,
          "lit": "scope"
        },
        "value": ""
      },
      {
        "key": {
          "type": 0,
          "file": 2,
          "line": 25,
          "col": 3,
          "lit": "logout"
        },
        "value": {
          "type": 0,
          "file": 2,
          "line": 27,
          "col": 14,
          "lit": "true"
        }
      },
      {
        "key": {
          "type": 0,
          "file": 2,
          "line": 29,
          "col": 3,
          "lit": "registry-auth"
        },
        "value": ""
      }
    ]
  },
  "execution": {
    "executionType": "nodeJS",
    "hasPre": false,
    "hasPost": true,
    "script": "dist/index.js",
    "pre": null,
    "post": "dist/index.js",
    "nodeVersion": "node20",
    "cleanupCondition": "always()",
    "initCondition": "always()"
  },
  "deprecated": null
}
[2026-04-06 15:27:29Z INFO ActionManager] Action node.js file: dist/index.js, no more preparation.
[2026-04-06 15:27:29Z INFO HostContext] Well known directory 'Bin': 'C:\Users\oi323\OneDrive\Desktop\HW2\actions-runner\bin'
[2026-04-06 15:27:29Z INFO HostContext] Well known directory 'Root': 'C:\Users\oi323\OneDrive\Desktop\HW2\actions-runner'
[2026-04-06 15:27:29Z INFO HostContext] Well known directory 'Work': 'C:\Users\oi323\OneDrive\Desktop\HW2\actions-runner\_work'
[2026-04-06 15:27:29Z INFO HostContext] Well known directory 'Actions': 'C:\Users\oi323\OneDrive\Desktop\HW2\actions-runner\_work\_actions'
[2026-04-06 15:27:29Z INFO ActionManager] Load action that reference repository from 'C:\Users\oi323\OneDrive\Desktop\HW2\actions-runner\_work\_actions\docker\login-action\v3'
[2026-04-06 15:27:29Z INFO HostContext] Well known directory 'Bin': 'C:\Users\oi323\OneDrive\Desktop\HW2\actions-runner\bin'
[2026-04-06 15:27:29Z INFO HostContext] Well known directory 'Root': 'C:\Users\oi323\OneDrive\Desktop\HW2\actions-runner'
[2026-04-06 15:27:29Z INFO HostContext] Well known directory 'Work': 'C:\Users\oi323\OneDrive\Desktop\HW2\actions-runner\_work'
[2026-04-06 15:27:29Z INFO HostContext] Well known directory 'Actions': 'C:\Users\oi323\OneDrive\Desktop\HW2\actions-runner\_work\_actions'
[2026-04-06 15:27:29Z INFO ActionManifestManagerLegacy] Ignore action property author.
[2026-04-06 15:27:29Z INFO ActionManifestManagerLegacy] Ignore action property branding.
[2026-04-06 15:27:29Z INFO ActionManifestManagerLegacy] Loaded action.yml file: {
  "name": "Docker Login",
  "description": "GitHub Action to login against a Docker registry",
  "inputs": {
    "type": 2,
    "map": [
      {
        "key": {
          "type": 0,
          "file": 2,
          "line": 10,
          "col": 3,
          "lit": "registry"
        },
        "value": ""
      },
      {
        "key": {
          "type": 0,
          "file": 2,
          "line": 13,
          "col": 3,
          "lit": "username"
        },
        "value": ""
      },
      {
        "key": {
          "type": 0,
          "file": 2,
          "line": 16,
          "col": 3,
          "lit": "password"
        },
        "value": ""
      },
      {
        "key": {
          "type": 0,
          "file": 2,
          "line": 19,
          "col": 3,
          "lit": "ecr"
        },
        "value": ""
      },
      {
        "key": {
          "type": 0,
          "file": 2,
          "line": 22,
          "col": 3,
          "lit": "scope"
        },
        "value": ""
      },
      {
        "key": {
          "type": 0,
          "file": 2,
          "line": 25,
          "col": 3,
          "lit": "logout"
        },
        "value": {
          "type": 0,
          "file": 2,
          "line": 27,
          "col": 14,
          "lit": "true"
        }
      },
      {
        "key": {
          "type": 0,
          "file": 2,
          "line": 29,
          "col": 3,
          "lit": "registry-auth"
        },
        "value": ""
      }
    ]
  },
  "execution": {
    "executionType": "nodeJS",
    "hasPre": false,
    "hasPost": true,
    "script": "dist/index.js",
    "pre": null,
    "post": "dist/index.js",
    "nodeVersion": "node20",
    "cleanupCondition": "always()",
    "initCondition": "always()"
  },
  "deprecated": null
}
[2026-04-06 15:27:29Z INFO ActionManager] Action pre node.js file: N/A.
[2026-04-06 15:27:29Z INFO ActionManager] Action node.js file: dist/index.js.
[2026-04-06 15:27:29Z INFO ActionManager] Action post node.js file: dist/index.js.
[2026-04-06 15:27:29Z INFO JobExtension] Adding .
[2026-04-06 15:27:29Z INFO JobExtension] Adding .
[2026-04-06 15:27:29Z INFO JobExtension] Adding .
[2026-04-06 15:27:29Z INFO JobExtension] Adding .
[2026-04-06 15:27:29Z INFO HostContext] Well known directory 'Bin': 'C:\Users\oi323\OneDrive\Desktop\HW2\actions-runner\bin'
[2026-04-06 15:27:29Z INFO HostContext] Well known directory 'Root': 'C:\Users\oi323\OneDrive\Desktop\HW2\actions-runner'
[2026-04-06 15:27:29Z INFO HostContext] Well known directory 'Diag': 'C:\Users\oi323\OneDrive\Desktop\HW2\actions-runner\_diag'
[2026-04-06 15:27:29Z INFO HostContext] Well known directory 'Bin': 'C:\Users\oi323\OneDrive\Desktop\HW2\actions-runner\bin'
[2026-04-06 15:27:29Z INFO HostContext] Well known directory 'Root': 'C:\Users\oi323\OneDrive\Desktop\HW2\actions-runner'
[2026-04-06 15:27:29Z INFO HostContext] Well known directory 'Diag': 'C:\Users\oi323\OneDrive\Desktop\HW2\actions-runner\_diag'
[2026-04-06 15:27:29Z INFO HostContext] Well known directory 'Bin': 'C:\Users\oi323\OneDrive\Desktop\HW2\actions-runner\bin'
[2026-04-06 15:27:29Z INFO HostContext] Well known directory 'Root': 'C:\Users\oi323\OneDrive\Desktop\HW2\actions-runner'
[2026-04-06 15:27:29Z INFO HostContext] Well known directory 'Diag': 'C:\Users\oi323\OneDrive\Desktop\HW2\actions-runner\_diag'
[2026-04-06 15:27:29Z INFO HostContext] Well known directory 'Bin': 'C:\Users\oi323\OneDrive\Desktop\HW2\actions-runner\bin'
[2026-04-06 15:27:29Z INFO HostContext] Well known directory 'Root': 'C:\Users\oi323\OneDrive\Desktop\HW2\actions-runner'
[2026-04-06 15:27:29Z INFO HostContext] Well known directory 'Diag': 'C:\Users\oi323\OneDrive\Desktop\HW2\actions-runner\_diag'
[2026-04-06 15:27:29Z INFO HostContext] Well known directory 'Bin': 'C:\Users\oi323\OneDrive\Desktop\HW2\actions-runner\bin'
[2026-04-06 15:27:29Z INFO HostContext] Well known directory 'Root': 'C:\Users\oi323\OneDrive\Desktop\HW2\actions-runner'
[2026-04-06 15:27:29Z INFO HostContext] Well known directory 'Diag': 'C:\Users\oi323\OneDrive\Desktop\HW2\actions-runner\_diag'
[2026-04-06 15:27:29Z INFO HostContext] Well known directory 'Bin': 'C:\Users\oi323\OneDrive\Desktop\HW2\actions-runner\bin'
[2026-04-06 15:27:29Z INFO HostContext] Well known directory 'Root': 'C:\Users\oi323\OneDrive\Desktop\HW2\actions-runner'
[2026-04-06 15:27:29Z INFO HostContext] Well known directory 'Diag': 'C:\Users\oi323\OneDrive\Desktop\HW2\actions-runner\_diag'
[2026-04-06 15:27:29Z INFO HostContext] Well known directory 'Bin': 'C:\Users\oi323\OneDrive\Desktop\HW2\actions-runner\bin'
[2026-04-06 15:27:29Z INFO HostContext] Well known directory 'Root': 'C:\Users\oi323\OneDrive\Desktop\HW2\actions-runner'
[2026-04-06 15:27:29Z INFO HostContext] Well known directory 'Diag': 'C:\Users\oi323\OneDrive\Desktop\HW2\actions-runner\_diag'
[2026-04-06 15:27:29Z INFO HostContext] Well known directory 'Bin': 'C:\Users\oi323\OneDrive\Desktop\HW2\actions-runner\bin'
[2026-04-06 15:27:29Z INFO HostContext] Well known directory 'Root': 'C:\Users\oi323\OneDrive\Desktop\HW2\actions-runner'
[2026-04-06 15:27:29Z INFO HostContext] Well known directory 'Diag': 'C:\Users\oi323\OneDrive\Desktop\HW2\actions-runner\_diag'
[2026-04-06 15:27:29Z INFO JobExtension] Total accessible running process: 348.
[2026-04-06 15:27:29Z INFO HostContext] Well known directory 'Bin': 'C:\Users\oi323\OneDrive\Desktop\HW2\actions-runner\bin'
[2026-04-06 15:27:29Z INFO HostContext] Well known directory 'Root': 'C:\Users\oi323\OneDrive\Desktop\HW2\actions-runner'
[2026-04-06 15:27:29Z INFO HostContext] Well known directory 'Work': 'C:\Users\oi323\OneDrive\Desktop\HW2\actions-runner\_work'
[2026-04-06 15:27:29Z INFO JobExtension] Start checking server connectivity.
[2026-04-06 15:27:29Z INFO JobExtension] Check server connectivity for https://broker.actions.githubusercontent.com/health.
[2026-04-06 15:27:29Z INFO JobExtension] Check server connectivity for https://token.actions.githubusercontent.com/ready.
[2026-04-06 15:27:29Z INFO JobExtension] Check server connectivity for https://run.actions.githubusercontent.com/health.
[2026-04-06 15:27:29Z INFO JobExtension] Start checking service connectivity in background.
[2026-04-06 15:27:29Z INFO ExecutionContext] Publish step telemetry for current step {
  "action": "setup_job",
  "type": "runner",
  "stage": "Pre",
  "stepId": "425a0844-1f1f-46ed-8fbc-1595de165d07",
  "result": "succeeded",
  "errorMessages": [],
  "executionTimeInSeconds": 2,
  "startTime": "2026-04-06T15:27:28.1405131Z",
  "finishTime": "2026-04-06T15:27:29.6828635Z"
}.
[2026-04-06 15:27:29Z INFO JobRunner] Total job steps: 4.
[2026-04-06 15:27:29Z INFO JobRunner] Run all job steps.
[2026-04-06 15:27:29Z INFO StepsRunner] Processing step: DisplayName='Login to Docker Hub'
[2026-04-06 15:27:29Z INFO StepsRunner] Evaluating: success()
[2026-04-06 15:27:29Z INFO StepsRunner] Result: true
[2026-04-06 15:27:29Z INFO StepsRunner] Starting the step.
[2026-04-06 15:27:29Z INFO HostContext] Well known directory 'Bin': 'C:\Users\oi323\OneDrive\Desktop\HW2\actions-runner\bin'
[2026-04-06 15:27:29Z INFO HostContext] Well known directory 'Root': 'C:\Users\oi323\OneDrive\Desktop\HW2\actions-runner'
[2026-04-06 15:27:29Z INFO HostContext] Well known directory 'Work': 'C:\Users\oi323\OneDrive\Desktop\HW2\actions-runner\_work'
[2026-04-06 15:27:29Z INFO StepsRunner] Which2: 'chcp'
[2026-04-06 15:27:29Z INFO StepsRunner] Location: 'C:\Windows\System32\chcp.COM'
[2026-04-06 15:27:29Z INFO ProcessInvokerWrapper] Starting process:
[2026-04-06 15:27:29Z INFO ProcessInvokerWrapper]   File name: 'C:\Windows\System32\chcp.COM'
[2026-04-06 15:27:29Z INFO ProcessInvokerWrapper]   Arguments: '65001'
[2026-04-06 15:27:29Z INFO ProcessInvokerWrapper]   Working directory: 'C:\Users\oi323\OneDrive\Desktop\HW2\actions-runner\_work'
[2026-04-06 15:27:29Z INFO ProcessInvokerWrapper]   Require exit code zero: 'False'
[2026-04-06 15:27:29Z INFO ProcessInvokerWrapper]   Encoding web name:  ; code page: ''
[2026-04-06 15:27:29Z INFO ProcessInvokerWrapper]   Force kill process on cancellation: 'False'
[2026-04-06 15:27:29Z INFO ProcessInvokerWrapper]   Redirected STDIN: 'False'
[2026-04-06 15:27:29Z INFO ProcessInvokerWrapper]   Persist current code page: 'True'
[2026-04-06 15:27:29Z INFO ProcessInvokerWrapper]   Keep redirected STDIN open: 'False'
[2026-04-06 15:27:29Z INFO ProcessInvokerWrapper]   High priority process: 'False'
[2026-04-06 15:27:29Z INFO ProcessInvokerWrapper] Process started with process id 30892, waiting for process exit.
[2026-04-06 15:27:29Z INFO ProcessInvokerWrapper] STDOUT/STDERR stream read finished.
[2026-04-06 15:27:29Z INFO ProcessInvokerWrapper] STDOUT/STDERR stream read finished.
[2026-04-06 15:27:29Z INFO ProcessInvokerWrapper] Finished process 30892 with exit code 0, and elapsed time 00:00:00.0252762.
[2026-04-06 15:27:29Z INFO StepsRunner] Successfully returned to code page 65001 (UTF8)
[2026-04-06 15:27:29Z INFO HostContext] Well known directory 'Bin': 'C:\Users\oi323\OneDrive\Desktop\HW2\actions-runner\bin'
[2026-04-06 15:27:29Z INFO HostContext] Well known directory 'Root': 'C:\Users\oi323\OneDrive\Desktop\HW2\actions-runner'
[2026-04-06 15:27:29Z INFO HostContext] Well known directory 'Work': 'C:\Users\oi323\OneDrive\Desktop\HW2\actions-runner\_work'
[2026-04-06 15:27:29Z INFO HostContext] Well known directory 'Actions': 'C:\Users\oi323\OneDrive\Desktop\HW2\actions-runner\_work\_actions'
[2026-04-06 15:27:29Z INFO ActionManager] Load action that reference repository from 'C:\Users\oi323\OneDrive\Desktop\HW2\actions-runner\_work\_actions\docker\login-action\v3'
[2026-04-06 15:27:29Z INFO HostContext] Well known directory 'Bin': 'C:\Users\oi323\OneDrive\Desktop\HW2\actions-runner\bin'
[2026-04-06 15:27:29Z INFO HostContext] Well known directory 'Root': 'C:\Users\oi323\OneDrive\Desktop\HW2\actions-runner'
[2026-04-06 15:27:29Z INFO HostContext] Well known directory 'Work': 'C:\Users\oi323\OneDrive\Desktop\HW2\actions-runner\_work'
[2026-04-06 15:27:29Z INFO HostContext] Well known directory 'Actions': 'C:\Users\oi323\OneDrive\Desktop\HW2\actions-runner\_work\_actions'
[2026-04-06 15:27:29Z INFO ActionManifestManagerLegacy] Ignore action property author.
[2026-04-06 15:27:29Z INFO ActionManifestManagerLegacy] Ignore action property branding.
[2026-04-06 15:27:29Z INFO ActionManifestManagerLegacy] Loaded action.yml file: {
  "name": "Docker Login",
  "description": "GitHub Action to login against a Docker registry",
  "inputs": {
    "type": 2,
    "map": [
      {
        "key": {
          "type": 0,
          "file": 2,
          "line": 10,
          "col": 3,
          "lit": "registry"
        },
        "value": ""
      },
      {
        "key": {
          "type": 0,
          "file": 2,
          "line": 13,
          "col": 3,
          "lit": "username"
        },
        "value": ""
      },
      {
        "key": {
          "type": 0,
          "file": 2,
          "line": 16,
          "col": 3,
          "lit": "password"
        },
        "value": ""
      },
      {
        "key": {
          "type": 0,
          "file": 2,
          "line": 19,
          "col": 3,
          "lit": "ecr"
        },
        "value": ""
      },
      {
        "key": {
          "type": 0,
          "file": 2,
          "line": 22,
          "col": 3,
          "lit": "scope"
        },
        "value": ""
      },
      {
        "key": {
          "type": 0,
          "file": 2,
          "line": 25,
          "col": 3,
          "lit": "logout"
        },
        "value": {
          "type": 0,
          "file": 2,
          "line": 27,
          "col": 14,
          "lit": "true"
        }
      },
      {
        "key": {
          "type": 0,
          "file": 2,
          "line": 29,
          "col": 3,
          "lit": "registry-auth"
        },
        "value": ""
      }
    ]
  },
  "execution": {
    "executionType": "nodeJS",
    "hasPre": false,
    "hasPost": true,
    "script": "dist/index.js",
    "pre": null,
    "post": "dist/index.js",
    "nodeVersion": "node20",
    "cleanupCondition": "always()",
    "initCondition": "always()"
  },
  "deprecated": null
}
[2026-04-06 15:27:29Z INFO ActionManager] Action pre node.js file: N/A.
[2026-04-06 15:27:29Z INFO ActionManager] Action node.js file: dist/index.js.
[2026-04-06 15:27:29Z INFO ActionManager] Action post node.js file: dist/index.js.
[2026-04-06 15:27:29Z INFO ExecutionContext] Reserve record order 6 to 10 for post job actions.
[2026-04-06 15:27:29Z INFO HostContext] Well known directory 'Bin': 'C:\Users\oi323\OneDrive\Desktop\HW2\actions-runner\bin'
[2026-04-06 15:27:29Z INFO HostContext] Well known directory 'Root': 'C:\Users\oi323\OneDrive\Desktop\HW2\actions-runner'
[2026-04-06 15:27:29Z INFO HostContext] Well known directory 'Diag': 'C:\Users\oi323\OneDrive\Desktop\HW2\actions-runner\_diag'
[2026-04-06 15:27:29Z INFO HostContext] Well known directory 'Bin': 'C:\Users\oi323\OneDrive\Desktop\HW2\actions-runner\bin'
[2026-04-06 15:27:29Z INFO HostContext] Well known directory 'Root': 'C:\Users\oi323\OneDrive\Desktop\HW2\actions-runner'
[2026-04-06 15:27:29Z INFO HostContext] Well known directory 'Diag': 'C:\Users\oi323\OneDrive\Desktop\HW2\actions-runner\_diag'
[2026-04-06 15:27:29Z INFO HostContext] Well known directory 'Bin': 'C:\Users\oi323\OneDrive\Desktop\HW2\actions-runner\bin'
[2026-04-06 15:27:29Z INFO HostContext] Well known directory 'Root': 'C:\Users\oi323\OneDrive\Desktop\HW2\actions-runner'
[2026-04-06 15:27:29Z INFO HostContext] Well known directory 'Work': 'C:\Users\oi323\OneDrive\Desktop\HW2\actions-runner\_work'
[2026-04-06 15:27:29Z INFO HostContext] Well known directory 'Temp': 'C:\Users\oi323\OneDrive\Desktop\HW2\actions-runner\_work\_temp'
[2026-04-06 15:27:29Z INFO ExecutionContext] Write event payload to C:\Users\oi323\OneDrive\Desktop\HW2\actions-runner\_work\_temp\_github_workflow\event.json
[2026-04-06 15:27:29Z INFO HostContext] Well known directory 'Bin': 'C:\Users\oi323\OneDrive\Desktop\HW2\actions-runner\bin'
[2026-04-06 15:27:29Z INFO HostContext] Well known directory 'Root': 'C:\Users\oi323\OneDrive\Desktop\HW2\actions-runner'
[2026-04-06 15:27:29Z INFO HostContext] Well known directory 'Work': 'C:\Users\oi323\OneDrive\Desktop\HW2\actions-runner\_work'
[2026-04-06 15:27:29Z INFO HostContext] Well known directory 'Temp': 'C:\Users\oi323\OneDrive\Desktop\HW2\actions-runner\_work\_temp'
[2026-04-06 15:27:29Z INFO ExtensionManager] Getting extensions for interface: 'GitHub.Runner.Worker.IFileCommandExtension'
[2026-04-06 15:27:29Z INFO ExtensionManager] Creating instance: GitHub.Runner.Worker.AddPathFileCommand, Runner.Worker
[2026-04-06 15:27:29Z INFO ExtensionManager] Creating instance: GitHub.Runner.Worker.SetEnvFileCommand, Runner.Worker
[2026-04-06 15:27:29Z INFO ExtensionManager] Creating instance: GitHub.Runner.Worker.CreateStepSummaryCommand, Runner.Worker
[2026-04-06 15:27:29Z INFO ExtensionManager] Creating instance: GitHub.Runner.Worker.SaveStateFileCommand, Runner.Worker
[2026-04-06 15:27:29Z INFO ExtensionManager] Creating instance: GitHub.Runner.Worker.SetOutputFileCommand, Runner.Worker
[2026-04-06 15:27:29Z INFO ActionManifestManagerLegacy] Input 'registry': default value evaluate result: ""
[2026-04-06 15:27:29Z INFO ActionManifestManagerLegacy] Input 'ecr': default value evaluate result: ""
[2026-04-06 15:27:29Z INFO ActionManifestManagerLegacy] Input 'scope': default value evaluate result: ""
[2026-04-06 15:27:29Z INFO ActionManifestManagerLegacy] Input 'logout': default value evaluate result: {
  "type": 0,
  "file": 2,
  "line": 27,
  "col": 14,
  "lit": "true"
}
[2026-04-06 15:27:29Z INFO ActionManifestManagerLegacy] Input 'registry-auth': default value evaluate result: ""
[2026-04-06 15:27:29Z INFO ExtensionManager] Getting extensions for interface: 'GitHub.Runner.Worker.IActionCommandExtension'
[2026-04-06 15:27:29Z INFO ExtensionManager] Creating instance: GitHub.Runner.Worker.InternalPluginSetRepoPathCommandExtension, Runner.Worker
[2026-04-06 15:27:29Z INFO ExtensionManager] Creating instance: GitHub.Runner.Worker.SetEnvCommandExtension, Runner.Worker
[2026-04-06 15:27:29Z INFO ExtensionManager] Creating instance: GitHub.Runner.Worker.SetOutputCommandExtension, Runner.Worker
[2026-04-06 15:27:29Z INFO ExtensionManager] Creating instance: GitHub.Runner.Worker.SaveStateCommandExtension, Runner.Worker
[2026-04-06 15:27:29Z INFO ExtensionManager] Creating instance: GitHub.Runner.Worker.AddPathCommandExtension, Runner.Worker
[2026-04-06 15:27:29Z INFO ExtensionManager] Creating instance: GitHub.Runner.Worker.AddMaskCommandExtension, Runner.Worker
[2026-04-06 15:27:29Z INFO ExtensionManager] Creating instance: GitHub.Runner.Worker.AddMatcherCommandExtension, Runner.Worker
[2026-04-06 15:27:29Z INFO ExtensionManager] Creating instance: GitHub.Runner.Worker.RemoveMatcherCommandExtension, Runner.Worker
[2026-04-06 15:27:29Z INFO ExtensionManager] Creating instance: GitHub.Runner.Worker.WarningCommandExtension, Runner.Worker
[2026-04-06 15:27:29Z INFO ExtensionManager] Creating instance: GitHub.Runner.Worker.ErrorCommandExtension, Runner.Worker
[2026-04-06 15:27:29Z INFO ExtensionManager] Creating instance: GitHub.Runner.Worker.NoticeCommandExtension, Runner.Worker
[2026-04-06 15:27:29Z INFO ExtensionManager] Creating instance: GitHub.Runner.Worker.DebugCommandExtension, Runner.Worker
[2026-04-06 15:27:29Z INFO ExtensionManager] Creating instance: GitHub.Runner.Worker.GroupCommandExtension, Runner.Worker
[2026-04-06 15:27:29Z INFO ExtensionManager] Creating instance: GitHub.Runner.Worker.EndGroupCommandExtension, Runner.Worker
[2026-04-06 15:27:29Z INFO ExtensionManager] Creating instance: GitHub.Runner.Worker.EchoCommandExtension, Runner.Worker
[2026-04-06 15:27:29Z INFO ActionCommandManager] Register action command extension for command internal-set-repo-path
[2026-04-06 15:27:29Z INFO ActionCommandManager] Register action command extension for command set-env
[2026-04-06 15:27:29Z INFO ActionCommandManager] Register action command extension for command set-output
[2026-04-06 15:27:29Z INFO ActionCommandManager] Register action command extension for command save-state
[2026-04-06 15:27:29Z INFO ActionCommandManager] Register action command extension for command add-path
[2026-04-06 15:27:29Z INFO ActionCommandManager] Register action command extension for command add-mask
[2026-04-06 15:27:29Z INFO ActionCommandManager] Register action command extension for command add-matcher
[2026-04-06 15:27:29Z INFO ActionCommandManager] Register action command extension for command remove-matcher
[2026-04-06 15:27:29Z INFO ActionCommandManager] Register action command extension for command warning
[2026-04-06 15:27:29Z INFO ActionCommandManager] Register action command extension for command error
[2026-04-06 15:27:29Z INFO ActionCommandManager] Register action command extension for command notice
[2026-04-06 15:27:29Z INFO ActionCommandManager] Register action command extension for command debug
[2026-04-06 15:27:29Z INFO ActionCommandManager] Register action command extension for command group
[2026-04-06 15:27:29Z INFO ActionCommandManager] Register action command extension for command endgroup
[2026-04-06 15:27:29Z INFO ActionCommandManager] Register action command extension for command echo
[2026-04-06 15:27:29Z INFO HostContext] Well known directory 'Bin': 'C:\Users\oi323\OneDrive\Desktop\HW2\actions-runner\bin'
[2026-04-06 15:27:29Z INFO HostContext] Well known directory 'Root': 'C:\Users\oi323\OneDrive\Desktop\HW2\actions-runner'
[2026-04-06 15:27:29Z INFO HostContext] Well known directory 'Externals': 'C:\Users\oi323\OneDrive\Desktop\HW2\actions-runner\externals'
[2026-04-06 15:27:29Z INFO ProcessInvokerWrapper] Starting process:
[2026-04-06 15:27:29Z INFO ProcessInvokerWrapper]   File name: 'C:\Users\oi323\OneDrive\Desktop\HW2\actions-runner\externals\node20\bin\node.exe'
[2026-04-06 15:27:29Z INFO ProcessInvokerWrapper]   Arguments: '"C:\Users\oi323\OneDrive\Desktop\HW2\actions-runner\_work\_actions\docker\login-action\v3\dist/index.js"'
[2026-04-06 15:27:29Z INFO ProcessInvokerWrapper]   Working directory: 'C:\Users\oi323\OneDrive\Desktop\HW2\actions-runner\_work\HW2\HW2'
[2026-04-06 15:27:29Z INFO ProcessInvokerWrapper]   Require exit code zero: 'False'
[2026-04-06 15:27:29Z INFO ProcessInvokerWrapper]   Encoding web name: utf-8 ; code page: '65001'
[2026-04-06 15:27:29Z INFO ProcessInvokerWrapper]   Force kill process on cancellation: 'False'
[2026-04-06 15:27:29Z INFO ProcessInvokerWrapper]   Redirected STDIN: 'False'
[2026-04-06 15:27:29Z INFO ProcessInvokerWrapper]   Persist current code page: 'True'
[2026-04-06 15:27:29Z INFO ProcessInvokerWrapper]   Keep redirected STDIN open: 'False'
[2026-04-06 15:27:29Z INFO ProcessInvokerWrapper]   High priority process: 'False'
[2026-04-06 15:27:29Z INFO ProcessInvokerWrapper] Process started with process id 34412, waiting for process exit.
[2026-04-06 15:27:29Z INFO JobServerQueue] Try to append 1 batches web console lines for record '425a0844-1f1f-46ed-8fbc-1595de165d07', success rate: 1/1.
[2026-04-06 15:27:29Z INFO JobServerQueue] Try to append 1 batches web console lines for record '829d79c5-182f-48af-b173-99209222f581', success rate: 1/1.
[2026-04-06 15:27:30Z INFO JobServerQueue] Try to append 1 batches web console lines for record '829d79c5-182f-48af-b173-99209222f581', success rate: 1/1.
[2026-04-06 15:27:30Z INFO JobServerQueue] Got a step log file to send to results service.
[2026-04-06 15:27:30Z INFO JobServerQueue] Starting upload of step log file to results service ResultsLog, C:\Users\oi323\OneDrive\Desktop\HW2\actions-runner\_diag\blocks\04d265df-8304-42c5-8558-a0bc75a7ed27_425a0844-1f1f-46ed-8fbc-1595de165d07.1
[2026-04-06 15:27:30Z INFO JobServerQueue] Try to upload 1 log files or attachments, success rate: 1/1.
[2026-04-06 15:27:31Z INFO JobServerQueue] Tried to upload 1 file(s) to results, success rate: 1/1.
[2026-04-06 15:27:32Z INFO ProcessInvokerWrapper] STDOUT/STDERR stream read finished.
[2026-04-06 15:27:32Z INFO ProcessInvokerWrapper] STDOUT/STDERR stream read finished.
[2026-04-06 15:27:32Z INFO ProcessInvokerWrapper] Finished process 34412 with exit code 0, and elapsed time 00:00:02.6861381.
[2026-04-06 15:27:32Z INFO CreateStepSummaryCommand] Step Summary file (C:\Users\oi323\OneDrive\Desktop\HW2\actions-runner\_work\_temp\_runner_file_commands\step_summary_c68a98fe-58e7-4155-8789-e2d9d220da19) is empty; skipping attachment upload
[2026-04-06 15:27:32Z INFO StepsRunner] Step result: 
[2026-04-06 15:27:32Z INFO ExecutionContext] Publish step telemetry for current step {
  "action": "docker/login-action",
  "ref": "v3",
  "type": "node20",
  "stage": "Main",
  "stepId": "829d79c5-182f-48af-b173-99209222f581",
  "stepContextName": "__docker_login-action",
  "hasPreStep": false,
  "hasPostStep": true,
  "result": "succeeded",
  "errorMessages": [],
  "executionTimeInSeconds": 3,
  "startTime": "2026-04-06T15:27:29.688105Z",
  "finishTime": "2026-04-06T15:27:32.4368771Z"
}.
[2026-04-06 15:27:32Z INFO StepsRunner] No need for updating job result with current step result 'Succeeded'.
[2026-04-06 15:27:32Z INFO StepsRunner] Current state: job state = ''
[2026-04-06 15:27:32Z INFO StepsRunner] Processing step: DisplayName='Pull latest image'
[2026-04-06 15:27:32Z INFO StepsRunner] Evaluating: success()
[2026-04-06 15:27:32Z INFO StepsRunner] Result: true
[2026-04-06 15:27:32Z INFO StepsRunner] Starting the step.
[2026-04-06 15:27:32Z INFO HostContext] Well known directory 'Bin': 'C:\Users\oi323\OneDrive\Desktop\HW2\actions-runner\bin'
[2026-04-06 15:27:32Z INFO HostContext] Well known directory 'Root': 'C:\Users\oi323\OneDrive\Desktop\HW2\actions-runner'
[2026-04-06 15:27:32Z INFO HostContext] Well known directory 'Work': 'C:\Users\oi323\OneDrive\Desktop\HW2\actions-runner\_work'
[2026-04-06 15:27:32Z INFO StepsRunner] Which2: 'chcp'
[2026-04-06 15:27:32Z INFO StepsRunner] Location: 'C:\Windows\System32\chcp.COM'
[2026-04-06 15:27:32Z INFO ProcessInvokerWrapper] Starting process:
[2026-04-06 15:27:32Z INFO ProcessInvokerWrapper]   File name: 'C:\Windows\System32\chcp.COM'
[2026-04-06 15:27:32Z INFO ProcessInvokerWrapper]   Arguments: '65001'
[2026-04-06 15:27:32Z INFO ProcessInvokerWrapper]   Working directory: 'C:\Users\oi323\OneDrive\Desktop\HW2\actions-runner\_work'
[2026-04-06 15:27:32Z INFO ProcessInvokerWrapper]   Require exit code zero: 'False'
[2026-04-06 15:27:32Z INFO ProcessInvokerWrapper]   Encoding web name:  ; code page: ''
[2026-04-06 15:27:32Z INFO ProcessInvokerWrapper]   Force kill process on cancellation: 'False'
[2026-04-06 15:27:32Z INFO ProcessInvokerWrapper]   Redirected STDIN: 'False'
[2026-04-06 15:27:32Z INFO ProcessInvokerWrapper]   Persist current code page: 'True'
[2026-04-06 15:27:32Z INFO ProcessInvokerWrapper]   Keep redirected STDIN open: 'False'
[2026-04-06 15:27:32Z INFO ProcessInvokerWrapper]   High priority process: 'False'
[2026-04-06 15:27:32Z INFO ProcessInvokerWrapper] Process started with process id 17220, waiting for process exit.
[2026-04-06 15:27:32Z INFO ProcessInvokerWrapper] STDOUT/STDERR stream read finished.
[2026-04-06 15:27:32Z INFO ProcessInvokerWrapper] STDOUT/STDERR stream read finished.
[2026-04-06 15:27:32Z INFO ProcessInvokerWrapper] Finished process 17220 with exit code 0, and elapsed time 00:00:00.0093363.
[2026-04-06 15:27:32Z INFO StepsRunner] Successfully returned to code page 65001 (UTF8)
[2026-04-06 15:27:32Z INFO HostContext] Well known directory 'Bin': 'C:\Users\oi323\OneDrive\Desktop\HW2\actions-runner\bin'
[2026-04-06 15:27:32Z INFO HostContext] Well known directory 'Root': 'C:\Users\oi323\OneDrive\Desktop\HW2\actions-runner'
[2026-04-06 15:27:32Z INFO HostContext] Well known directory 'Work': 'C:\Users\oi323\OneDrive\Desktop\HW2\actions-runner\_work'
[2026-04-06 15:27:32Z INFO HostContext] Well known directory 'Temp': 'C:\Users\oi323\OneDrive\Desktop\HW2\actions-runner\_work\_temp'
[2026-04-06 15:27:32Z INFO ExecutionContext] Write event payload to C:\Users\oi323\OneDrive\Desktop\HW2\actions-runner\_work\_temp\_github_workflow\event.json
[2026-04-06 15:27:32Z INFO HostContext] Well known directory 'Bin': 'C:\Users\oi323\OneDrive\Desktop\HW2\actions-runner\bin'
[2026-04-06 15:27:32Z INFO HostContext] Well known directory 'Root': 'C:\Users\oi323\OneDrive\Desktop\HW2\actions-runner'
[2026-04-06 15:27:32Z INFO HostContext] Well known directory 'Work': 'C:\Users\oi323\OneDrive\Desktop\HW2\actions-runner\_work'
[2026-04-06 15:27:32Z INFO HostContext] Well known directory 'Temp': 'C:\Users\oi323\OneDrive\Desktop\HW2\actions-runner\_work\_temp'
[2026-04-06 15:27:32Z INFO ExtensionManager] Getting extensions for interface: 'GitHub.Runner.Worker.IFileCommandExtension'
[2026-04-06 15:27:32Z INFO ExtensionManager] Getting extensions for interface: 'GitHub.Runner.Worker.IActionCommandExtension'
[2026-04-06 15:27:32Z INFO ActionCommandManager] Register action command extension for command internal-set-repo-path
[2026-04-06 15:27:32Z INFO ActionCommandManager] Register action command extension for command set-env
[2026-04-06 15:27:32Z INFO ActionCommandManager] Register action command extension for command set-output
[2026-04-06 15:27:32Z INFO ActionCommandManager] Register action command extension for command save-state
[2026-04-06 15:27:32Z INFO ActionCommandManager] Register action command extension for command add-path
[2026-04-06 15:27:32Z INFO ActionCommandManager] Register action command extension for command add-mask
[2026-04-06 15:27:32Z INFO ActionCommandManager] Register action command extension for command add-matcher
[2026-04-06 15:27:32Z INFO ActionCommandManager] Register action command extension for command remove-matcher
[2026-04-06 15:27:32Z INFO ActionCommandManager] Register action command extension for command warning
[2026-04-06 15:27:32Z INFO ActionCommandManager] Register action command extension for command error
[2026-04-06 15:27:32Z INFO ActionCommandManager] Register action command extension for command notice
[2026-04-06 15:27:32Z INFO ActionCommandManager] Register action command extension for command debug
[2026-04-06 15:27:32Z INFO ActionCommandManager] Register action command extension for command group
[2026-04-06 15:27:32Z INFO ActionCommandManager] Register action command extension for command endgroup
[2026-04-06 15:27:32Z INFO ActionCommandManager] Register action command extension for command echo
[2026-04-06 15:27:32Z INFO ScriptHandler] Which2: 'pwsh'
[2026-04-06 15:27:32Z INFO ScriptHandler] pwsh: command not found. Make sure 'pwsh' is installed and its location included in the 'Path' environment variable.
[2026-04-06 15:27:32Z ERR  StepsRunner] Caught exception from step: System.IO.FileNotFoundException: pwsh: command not found
File name: 'pwsh'
   at GitHub.Runner.Sdk.WhichUtil.Which(String command, Boolean require, ITraceWriter trace, String prependPath)
   at GitHub.Runner.Worker.Handlers.ScriptHandler.PrintActionDetails(ActionRunStage stage)
   at GitHub.Runner.Worker.Handlers.Handler.PrepareExecution(ActionRunStage stage)
   at GitHub.Runner.Worker.ActionRunner.RunAsync()
   at GitHub.Runner.Worker.StepsRunner.RunStepAsync(IStep step, CancellationToken jobCancellationToken)
[2026-04-06 15:27:32Z INFO StepsRunner] Step result: Failed
[2026-04-06 15:27:32Z INFO StepsRunner] Update job result with current step result 'Failed'.
[2026-04-06 15:27:32Z INFO StepsRunner] Current state: job state = 'Failed'
[2026-04-06 15:27:32Z INFO StepsRunner] Processing step: DisplayName='Stop and Remove Existing Container'
[2026-04-06 15:27:32Z INFO StepsRunner] Evaluating: success()
[2026-04-06 15:27:32Z INFO StepsRunner] Result: false
[2026-04-06 15:27:32Z INFO StepsRunner] Skipping step due to condition evaluation.
[2026-04-06 15:27:32Z INFO StepsRunner] No need for updating job result with current step result 'Skipped'.
[2026-04-06 15:27:32Z INFO StepsRunner] Current state: job state = 'Failed'
[2026-04-06 15:27:32Z INFO StepsRunner] Processing step: DisplayName='Run New Container'
[2026-04-06 15:27:32Z INFO StepsRunner] Evaluating: success()
[2026-04-06 15:27:32Z INFO StepsRunner] Result: false
[2026-04-06 15:27:32Z INFO StepsRunner] Skipping step due to condition evaluation.
[2026-04-06 15:27:32Z INFO StepsRunner] No need for updating job result with current step result 'Skipped'.
[2026-04-06 15:27:32Z INFO StepsRunner] Current state: job state = 'Failed'
[2026-04-06 15:27:32Z INFO StepsRunner] Processing step: DisplayName='Post Login to Docker Hub'
[2026-04-06 15:27:32Z INFO StepsRunner] Evaluating: always()
[2026-04-06 15:27:32Z INFO StepsRunner] Result: true
[2026-04-06 15:27:32Z INFO StepsRunner] Starting the step.
[2026-04-06 15:27:32Z INFO HostContext] Well known directory 'Bin': 'C:\Users\oi323\OneDrive\Desktop\HW2\actions-runner\bin'
[2026-04-06 15:27:32Z INFO HostContext] Well known directory 'Root': 'C:\Users\oi323\OneDrive\Desktop\HW2\actions-runner'
[2026-04-06 15:27:32Z INFO HostContext] Well known directory 'Work': 'C:\Users\oi323\OneDrive\Desktop\HW2\actions-runner\_work'
[2026-04-06 15:27:32Z INFO StepsRunner] Which2: 'chcp'
[2026-04-06 15:27:32Z INFO StepsRunner] Location: 'C:\Windows\System32\chcp.COM'
[2026-04-06 15:27:32Z INFO ProcessInvokerWrapper] Starting process:
[2026-04-06 15:27:32Z INFO ProcessInvokerWrapper]   File name: 'C:\Windows\System32\chcp.COM'
[2026-04-06 15:27:32Z INFO ProcessInvokerWrapper]   Arguments: '65001'
[2026-04-06 15:27:32Z INFO ProcessInvokerWrapper]   Working directory: 'C:\Users\oi323\OneDrive\Desktop\HW2\actions-runner\_work'
[2026-04-06 15:27:32Z INFO ProcessInvokerWrapper]   Require exit code zero: 'False'
[2026-04-06 15:27:32Z INFO ProcessInvokerWrapper]   Encoding web name:  ; code page: ''
[2026-04-06 15:27:32Z INFO ProcessInvokerWrapper]   Force kill process on cancellation: 'False'
[2026-04-06 15:27:32Z INFO ProcessInvokerWrapper]   Redirected STDIN: 'False'
[2026-04-06 15:27:32Z INFO ProcessInvokerWrapper]   Persist current code page: 'True'
[2026-04-06 15:27:32Z INFO ProcessInvokerWrapper]   Keep redirected STDIN open: 'False'
[2026-04-06 15:27:32Z INFO ProcessInvokerWrapper]   High priority process: 'False'
[2026-04-06 15:27:32Z INFO ProcessInvokerWrapper] Process started with process id 26568, waiting for process exit.
[2026-04-06 15:27:32Z INFO ProcessInvokerWrapper] STDOUT/STDERR stream read finished.
[2026-04-06 15:27:32Z INFO ProcessInvokerWrapper] STDOUT/STDERR stream read finished.
[2026-04-06 15:27:32Z INFO ProcessInvokerWrapper] Finished process 26568 with exit code 0, and elapsed time 00:00:00.0073466.
[2026-04-06 15:27:32Z INFO StepsRunner] Successfully returned to code page 65001 (UTF8)
[2026-04-06 15:27:32Z INFO HostContext] Well known directory 'Bin': 'C:\Users\oi323\OneDrive\Desktop\HW2\actions-runner\bin'
[2026-04-06 15:27:32Z INFO HostContext] Well known directory 'Root': 'C:\Users\oi323\OneDrive\Desktop\HW2\actions-runner'
[2026-04-06 15:27:32Z INFO HostContext] Well known directory 'Work': 'C:\Users\oi323\OneDrive\Desktop\HW2\actions-runner\_work'
[2026-04-06 15:27:32Z INFO HostContext] Well known directory 'Actions': 'C:\Users\oi323\OneDrive\Desktop\HW2\actions-runner\_work\_actions'
[2026-04-06 15:27:32Z INFO ActionManager] Load action that reference repository from 'C:\Users\oi323\OneDrive\Desktop\HW2\actions-runner\_work\_actions\docker\login-action\v3'
[2026-04-06 15:27:32Z INFO HostContext] Well known directory 'Bin': 'C:\Users\oi323\OneDrive\Desktop\HW2\actions-runner\bin'
[2026-04-06 15:27:32Z INFO HostContext] Well known directory 'Root': 'C:\Users\oi323\OneDrive\Desktop\HW2\actions-runner'
[2026-04-06 15:27:32Z INFO HostContext] Well known directory 'Work': 'C:\Users\oi323\OneDrive\Desktop\HW2\actions-runner\_work'
[2026-04-06 15:27:32Z INFO HostContext] Well known directory 'Actions': 'C:\Users\oi323\OneDrive\Desktop\HW2\actions-runner\_work\_actions'
[2026-04-06 15:27:32Z INFO ActionManifestManagerLegacy] Ignore action property author.
[2026-04-06 15:27:32Z INFO ActionManifestManagerLegacy] Ignore action property branding.
[2026-04-06 15:27:32Z INFO ActionManifestManagerLegacy] Loaded action.yml file: {
  "name": "Docker Login",
  "description": "GitHub Action to login against a Docker registry",
  "inputs": {
    "type": 2,
    "map": [
      {
        "key": {
          "type": 0,
          "file": 2,
          "line": 10,
          "col": 3,
          "lit": "registry"
        },
        "value": ""
      },
      {
        "key": {
          "type": 0,
          "file": 2,
          "line": 13,
          "col": 3,
          "lit": "username"
        },
        "value": ""
      },
      {
        "key": {
          "type": 0,
          "file": 2,
          "line": 16,
          "col": 3,
          "lit": "password"
        },
        "value": ""
      },
      {
        "key": {
          "type": 0,
          "file": 2,
          "line": 19,
          "col": 3,
          "lit": "ecr"
        },
        "value": ""
      },
      {
        "key": {
          "type": 0,
          "file": 2,
          "line": 22,
          "col": 3,
          "lit": "scope"
        },
        "value": ""
      },
      {
        "key": {
          "type": 0,
          "file": 2,
          "line": 25,
          "col": 3,
          "lit": "logout"
        },
        "value": {
          "type": 0,
          "file": 2,
          "line": 27,
          "col": 14,
          "lit": "true"
        }
      },
      {
        "key": {
          "type": 0,
          "file": 2,
          "line": 29,
          "col": 3,
          "lit": "registry-auth"
        },
        "value": ""
      }
    ]
  },
  "execution": {
    "executionType": "nodeJS",
    "hasPre": false,
    "hasPost": true,
    "script": "dist/index.js",
    "pre": null,
    "post": "dist/index.js",
    "nodeVersion": "node20",
    "cleanupCondition": "always()",
    "initCondition": "always()"
  },
  "deprecated": null
}
[2026-04-06 15:27:32Z INFO ActionManager] Action pre node.js file: N/A.
[2026-04-06 15:27:32Z INFO ActionManager] Action node.js file: dist/index.js.
[2026-04-06 15:27:32Z INFO ActionManager] Action post node.js file: dist/index.js.
[2026-04-06 15:27:32Z INFO HostContext] Well known directory 'Bin': 'C:\Users\oi323\OneDrive\Desktop\HW2\actions-runner\bin'
[2026-04-06 15:27:32Z INFO HostContext] Well known directory 'Root': 'C:\Users\oi323\OneDrive\Desktop\HW2\actions-runner'
[2026-04-06 15:27:32Z INFO HostContext] Well known directory 'Work': 'C:\Users\oi323\OneDrive\Desktop\HW2\actions-runner\_work'
[2026-04-06 15:27:32Z INFO HostContext] Well known directory 'Temp': 'C:\Users\oi323\OneDrive\Desktop\HW2\actions-runner\_work\_temp'
[2026-04-06 15:27:32Z INFO ExecutionContext] Write event payload to C:\Users\oi323\OneDrive\Desktop\HW2\actions-runner\_work\_temp\_github_workflow\event.json
[2026-04-06 15:27:32Z INFO HostContext] Well known directory 'Bin': 'C:\Users\oi323\OneDrive\Desktop\HW2\actions-runner\bin'
[2026-04-06 15:27:32Z INFO HostContext] Well known directory 'Root': 'C:\Users\oi323\OneDrive\Desktop\HW2\actions-runner'
[2026-04-06 15:27:32Z INFO HostContext] Well known directory 'Work': 'C:\Users\oi323\OneDrive\Desktop\HW2\actions-runner\_work'
[2026-04-06 15:27:32Z INFO HostContext] Well known directory 'Temp': 'C:\Users\oi323\OneDrive\Desktop\HW2\actions-runner\_work\_temp'
[2026-04-06 15:27:32Z INFO ExtensionManager] Getting extensions for interface: 'GitHub.Runner.Worker.IFileCommandExtension'
[2026-04-06 15:27:32Z INFO ActionManifestManagerLegacy] Input 'registry': default value evaluate result: ""
[2026-04-06 15:27:32Z INFO ActionManifestManagerLegacy] Input 'ecr': default value evaluate result: ""
[2026-04-06 15:27:32Z INFO ActionManifestManagerLegacy] Input 'scope': default value evaluate result: ""
[2026-04-06 15:27:32Z INFO ActionManifestManagerLegacy] Input 'logout': default value evaluate result: {
  "type": 0,
  "file": 2,
  "line": 27,
  "col": 14,
  "lit": "true"
}
[2026-04-06 15:27:32Z INFO ActionManifestManagerLegacy] Input 'registry-auth': default value evaluate result: ""
[2026-04-06 15:27:32Z INFO ExtensionManager] Getting extensions for interface: 'GitHub.Runner.Worker.IActionCommandExtension'
[2026-04-06 15:27:32Z INFO ActionCommandManager] Register action command extension for command internal-set-repo-path
[2026-04-06 15:27:32Z INFO ActionCommandManager] Register action command extension for command set-env
[2026-04-06 15:27:32Z INFO ActionCommandManager] Register action command extension for command set-output
[2026-04-06 15:27:32Z INFO ActionCommandManager] Register action command extension for command save-state
[2026-04-06 15:27:32Z INFO ActionCommandManager] Register action command extension for command add-path
[2026-04-06 15:27:32Z INFO ActionCommandManager] Register action command extension for command add-mask
[2026-04-06 15:27:32Z INFO ActionCommandManager] Register action command extension for command add-matcher
[2026-04-06 15:27:32Z INFO ActionCommandManager] Register action command extension for command remove-matcher
[2026-04-06 15:27:32Z INFO ActionCommandManager] Register action command extension for command warning
[2026-04-06 15:27:32Z INFO ActionCommandManager] Register action command extension for command error
[2026-04-06 15:27:32Z INFO ActionCommandManager] Register action command extension for command notice
[2026-04-06 15:27:32Z INFO ActionCommandManager] Register action command extension for command debug
[2026-04-06 15:27:32Z INFO ActionCommandManager] Register action command extension for command group
[2026-04-06 15:27:32Z INFO ActionCommandManager] Register action command extension for command endgroup
[2026-04-06 15:27:32Z INFO ActionCommandManager] Register action command extension for command echo
[2026-04-06 15:27:32Z INFO HostContext] Well known directory 'Bin': 'C:\Users\oi323\OneDrive\Desktop\HW2\actions-runner\bin'
[2026-04-06 15:27:32Z INFO HostContext] Well known directory 'Root': 'C:\Users\oi323\OneDrive\Desktop\HW2\actions-runner'
[2026-04-06 15:27:32Z INFO HostContext] Well known directory 'Externals': 'C:\Users\oi323\OneDrive\Desktop\HW2\actions-runner\externals'
[2026-04-06 15:27:32Z INFO ProcessInvokerWrapper] Starting process:
[2026-04-06 15:27:32Z INFO ProcessInvokerWrapper]   File name: 'C:\Users\oi323\OneDrive\Desktop\HW2\actions-runner\externals\node20\bin\node.exe'
[2026-04-06 15:27:32Z INFO ProcessInvokerWrapper]   Arguments: '"C:\Users\oi323\OneDrive\Desktop\HW2\actions-runner\_work\_actions\docker\login-action\v3\dist/index.js"'
[2026-04-06 15:27:32Z INFO ProcessInvokerWrapper]   Working directory: 'C:\Users\oi323\OneDrive\Desktop\HW2\actions-runner\_work\HW2\HW2'
[2026-04-06 15:27:32Z INFO ProcessInvokerWrapper]   Require exit code zero: 'False'
[2026-04-06 15:27:32Z INFO ProcessInvokerWrapper]   Encoding web name: utf-8 ; code page: '65001'
[2026-04-06 15:27:32Z INFO ProcessInvokerWrapper]   Force kill process on cancellation: 'False'
[2026-04-06 15:27:32Z INFO ProcessInvokerWrapper]   Redirected STDIN: 'False'
[2026-04-06 15:27:32Z INFO ProcessInvokerWrapper]   Persist current code page: 'True'
[2026-04-06 15:27:32Z INFO ProcessInvokerWrapper]   Keep redirected STDIN open: 'False'
[2026-04-06 15:27:32Z INFO ProcessInvokerWrapper]   High priority process: 'False'
[2026-04-06 15:27:32Z INFO ProcessInvokerWrapper] Process started with process id 34772, waiting for process exit.
[2026-04-06 15:27:32Z INFO JobServerQueue] Try to append 1 batches web console lines for record '829d79c5-182f-48af-b173-99209222f581', success rate: 1/1.
[2026-04-06 15:27:32Z INFO JobServerQueue] Try to append 1 batches web console lines for record 'a37654c1-a6ca-4766-93ca-ab7fe2fc94b9', success rate: 1/1.
[2026-04-06 15:27:32Z INFO JobServerQueue] Try to append 1 batches web console lines for record '59fb4117-4b7b-45c1-bb53-8b44bb5fbe93', success rate: 1/1.
[2026-04-06 15:27:32Z INFO JobServerQueue] Try to append 1 batches web console lines for record '59fb4117-4b7b-45c1-bb53-8b44bb5fbe93', success rate: 1/1.
[2026-04-06 15:27:33Z INFO JobServerQueue] Try to upload 2 log files or attachments, success rate: 2/2.
[2026-04-06 15:27:33Z INFO JobServerQueue] Got a step log file to send to results service.
[2026-04-06 15:27:33Z INFO JobServerQueue] Starting upload of step log file to results service ResultsLog, C:\Users\oi323\OneDrive\Desktop\HW2\actions-runner\_diag\blocks\04d265df-8304-42c5-8558-a0bc75a7ed27_829d79c5-182f-48af-b173-99209222f581.1
[2026-04-06 15:27:33Z INFO JobServerQueue] Got a step log file to send to results service.
[2026-04-06 15:27:33Z INFO JobServerQueue] Starting upload of step log file to results service ResultsLog, C:\Users\oi323\OneDrive\Desktop\HW2\actions-runner\_diag\blocks\04d265df-8304-42c5-8558-a0bc75a7ed27_a37654c1-a6ca-4766-93ca-ab7fe2fc94b9.1
[2026-04-06 15:27:34Z INFO JobServerQueue] Tried to upload 2 file(s) to results, success rate: 2/2.
[2026-04-06 15:27:36Z INFO ProcessInvokerWrapper] STDOUT/STDERR stream read finished.
[2026-04-06 15:27:36Z INFO ProcessInvokerWrapper] STDOUT/STDERR stream read finished.
[2026-04-06 15:27:36Z INFO ProcessInvokerWrapper] Finished process 34772 with exit code 0, and elapsed time 00:00:03.8211483.
[2026-04-06 15:27:36Z INFO CreateStepSummaryCommand] Step Summary file (C:\Users\oi323\OneDrive\Desktop\HW2\actions-runner\_work\_temp\_runner_file_commands\step_summary_475def8a-9727-4067-b1f6-de4a8328db8b) is empty; skipping attachment upload
[2026-04-06 15:27:36Z INFO StepsRunner] Step result: 
[2026-04-06 15:27:36Z INFO ExecutionContext] Publish step telemetry for current step {
  "action": "docker/login-action",
  "ref": "v3",
  "type": "node20",
  "stage": "Post",
  "stepId": "59fb4117-4b7b-45c1-bb53-8b44bb5fbe93",
  "result": "succeeded",
  "errorMessages": [],
  "executionTimeInSeconds": 4,
  "startTime": "2026-04-06T15:27:32.4733179Z",
  "finishTime": "2026-04-06T15:27:36.3114922Z"
}.
[2026-04-06 15:27:36Z INFO StepsRunner] No need for updating job result with current step result 'Succeeded'.
[2026-04-06 15:27:36Z INFO StepsRunner] Current state: job state = 'Failed'
[2026-04-06 15:27:36Z INFO JobRunner] Finalize job.
[2026-04-06 15:27:36Z INFO HostContext] Well known directory 'Bin': 'C:\Users\oi323\OneDrive\Desktop\HW2\actions-runner\bin'
[2026-04-06 15:27:36Z INFO HostContext] Well known directory 'Root': 'C:\Users\oi323\OneDrive\Desktop\HW2\actions-runner'
[2026-04-06 15:27:36Z INFO HostContext] Well known directory 'Diag': 'C:\Users\oi323\OneDrive\Desktop\HW2\actions-runner\_diag'
[2026-04-06 15:27:36Z INFO HostContext] Well known directory 'Bin': 'C:\Users\oi323\OneDrive\Desktop\HW2\actions-runner\bin'
[2026-04-06 15:27:36Z INFO HostContext] Well known directory 'Root': 'C:\Users\oi323\OneDrive\Desktop\HW2\actions-runner'
[2026-04-06 15:27:36Z INFO HostContext] Well known directory 'Diag': 'C:\Users\oi323\OneDrive\Desktop\HW2\actions-runner\_diag'
[2026-04-06 15:27:36Z INFO JobExtension] Initialize Env context
[2026-04-06 15:27:36Z INFO JobExtension] Initialize steps context
[2026-04-06 15:27:36Z INFO JobExtension] Total accessible running process: 365.
[2026-04-06 15:27:36Z INFO JobExtension] Inspecting process environment variables. PID: 32780 (dllhost)
[2026-04-06 15:27:36Z INFO JobExtension] Inspecting process environment variables. PID: 30964 (docker-model)
[2026-04-06 15:27:36Z INFO JobExtension] Inspecting process environment variables. PID: 29784 (docker-pass)
[2026-04-06 15:27:36Z WARN JobExtension] Ignore exception during read process environment variables: Cannot process request because the process (29784) has exited.
[2026-04-06 15:27:36Z INFO JobExtension] Inspecting process environment variables. PID: 11112 (docker-init)
[2026-04-06 15:27:36Z WARN JobExtension] Ignore exception during read process environment variables: Cannot process request because the process (11112) has exited.
[2026-04-06 15:27:36Z INFO JobExtension] Inspecting process environment variables. PID: 34796 (docker-dhi)
[2026-04-06 15:27:36Z INFO JobExtension] Inspecting process environment variables. PID: 33320 (docker-compose)
[2026-04-06 15:27:36Z WARN JobExtension] Ignore exception during read process environment variables: Cannot process request because the process (33320) has exited.
[2026-04-06 15:27:36Z INFO JobExtension] Inspecting process environment variables. PID: 28984 (docker-extension)
[2026-04-06 15:27:36Z WARN JobExtension] Ignore exception during read process environment variables: Cannot process request because the process (28984) has exited.
[2026-04-06 15:27:36Z INFO JobExtension] Inspecting process environment variables. PID: 29416 (docker-offload)
[2026-04-06 15:27:36Z INFO JobExtension] Inspecting process environment variables. PID: 34620 (docker-desktop)
[2026-04-06 15:27:36Z INFO JobExtension] Inspecting process environment variables. PID: 27828 (docker-ai)
[2026-04-06 15:27:36Z INFO JobExtension] Inspecting process environment variables. PID: 5364 (docker-mcp)
[2026-04-06 15:27:36Z INFO JobExtension] Inspecting process environment variables. PID: 23356 (docker-buildx)
[2026-04-06 15:27:36Z INFO JobExtension] Inspecting process environment variables. PID: 33244 (docker-sandbox)
[2026-04-06 15:27:36Z WARN JobExtension] Ignore exception during read process environment variables: Cannot process request because the process (33244) has exited.
[2026-04-06 15:27:36Z INFO JobExtension] Inspecting process environment variables. PID: 11776 (docker-debug)
[2026-04-06 15:27:36Z WARN JobExtension] Ignore exception during read process environment variables: Cannot process request because the process (11776) has exited.
[2026-04-06 15:27:36Z INFO JobExtension] Inspecting process environment variables. PID: 6468 (docker-sbom)
[2026-04-06 15:27:36Z WARN JobExtension] Ignore exception during read process environment variables: Cannot process request because the process (6468) has exited.
[2026-04-06 15:27:36Z INFO JobExtension] Inspecting process environment variables. PID: 35388 (docker-scout)
[2026-04-06 15:27:36Z INFO JobExtension] Inspecting process environment variables. PID: 20160 (docker-agent)
[2026-04-06 15:27:36Z INFO JobExtension] Wait for all connectivity checks to finish.
[2026-04-06 15:27:36Z INFO JobExtension] Connectivity check result: GitHub.Runner.Worker.JobExtension+CheckResult
[2026-04-06 15:27:36Z INFO JobExtension] Connectivity check result: GitHub.Runner.Worker.JobExtension+CheckResult
[2026-04-06 15:27:36Z INFO JobExtension] Connectivity check result: GitHub.Runner.Worker.JobExtension+CheckResult
[2026-04-06 15:27:36Z INFO ExecutionContext] Publish step telemetry for current step {
  "action": "complete_job",
  "type": "runner",
  "stage": "Post",
  "stepId": "1455976b-c77e-4ab6-a1e4-9241c10a372d",
  "result": "succeeded",
  "errorMessages": [
    "Node.js 20 actions are deprecated. The following actions are running on Node.js 20 and may not work as expected: docker/login-action@v3. Actions will be forced to run with Node.js 24 by default starting June 2nd, 2026. Node.js 20 will be removed from the r"
  ],
  "executionTimeInSeconds": 1,
  "startTime": "2026-04-06T15:27:36.3158964Z",
  "finishTime": "2026-04-06T15:27:36.3641217Z"
}.
[2026-04-06 15:27:36Z INFO JobRunner] Job result after all job steps finish: Failed
[2026-04-06 15:27:36Z INFO JobRunner] Completing the job execution context.
[2026-04-06 15:27:36Z INFO JobRunner] Shutting down the job server queue.
[2026-04-06 15:27:36Z INFO JobServerQueue] Fire signal to shutdown all queues.
[2026-04-06 15:27:37Z INFO JobServerQueue] All queue process task stopped.
[2026-04-06 15:27:37Z INFO JobServerQueue] Try to append 1 batches web console lines for record '59fb4117-4b7b-45c1-bb53-8b44bb5fbe93', success rate: 1/1.
[2026-04-06 15:27:37Z INFO JobServerQueue] Try to append 1 batches web console lines for record '1455976b-c77e-4ab6-a1e4-9241c10a372d', success rate: 1/1.
[2026-04-06 15:27:37Z INFO JobServerQueue] Web console line queue drained.
[2026-04-06 15:27:37Z INFO JobServerQueue] Uploading 3 files in one shot.
[2026-04-06 15:27:37Z INFO JobServerQueue] Try to upload 3 log files or attachments, success rate: 3/3.
[2026-04-06 15:27:37Z INFO JobServerQueue] File upload queue drained.
[2026-04-06 15:27:37Z INFO JobServerQueue] Starting results-based upload queue...
[2026-04-06 15:27:37Z INFO JobServerQueue] Uploading 3 file(s) in one shot through results service.
[2026-04-06 15:27:37Z INFO JobServerQueue] Got a step log file to send to results service.
[2026-04-06 15:27:37Z INFO JobServerQueue] Starting upload of step log file to results service ResultsLog, C:\Users\oi323\OneDrive\Desktop\HW2\actions-runner\_diag\blocks\04d265df-8304-42c5-8558-a0bc75a7ed27_59fb4117-4b7b-45c1-bb53-8b44bb5fbe93.1
[2026-04-06 15:27:37Z INFO JobServerQueue] Got a step log file to send to results service.
[2026-04-06 15:27:37Z INFO JobServerQueue] Starting upload of step log file to results service ResultsLog, C:\Users\oi323\OneDrive\Desktop\HW2\actions-runner\_diag\blocks\04d265df-8304-42c5-8558-a0bc75a7ed27_1455976b-c77e-4ab6-a1e4-9241c10a372d.1
[2026-04-06 15:27:38Z INFO JobServerQueue] Got a job log file to send to results service.
[2026-04-06 15:27:38Z INFO JobServerQueue] Starting upload of job log file to results service ResultsLog, C:\Users\oi323\OneDrive\Desktop\HW2\actions-runner\_diag\blocks\04d265df-8304-42c5-8558-a0bc75a7ed27_85589e82-e00e-539a-9290-429ddd24dffb.1
[2026-04-06 15:27:39Z INFO JobServerQueue] Tried to upload 3 file(s) to results, success rate: 3/3.
[2026-04-06 15:27:39Z INFO JobServerQueue] Results upload queue drained.
[2026-04-06 15:27:39Z INFO JobServerQueue] Timeline update queue drained.
[2026-04-06 15:27:39Z INFO JobServerQueue] Disposing job server ...
[2026-04-06 15:27:39Z INFO JobServerQueue] Disposing results server ...
[2026-04-06 15:27:39Z INFO JobServerQueue] All queue process tasks have been stopped, and all queues are drained.
[2026-04-06 15:27:39Z INFO TempDirectoryManager] Cleaning runner temp folder: C:\Users\oi323\OneDrive\Desktop\HW2\actions-runner\_work\_temp
[2026-04-06 15:27:39Z INFO HostContext] Well known directory 'Bin': 'C:\Users\oi323\OneDrive\Desktop\HW2\actions-runner\bin'
[2026-04-06 15:27:39Z INFO HostContext] Well known directory 'Root': 'C:\Users\oi323\OneDrive\Desktop\HW2\actions-runner'
[2026-04-06 15:27:39Z INFO HostContext] Well known directory 'Diag': 'C:\Users\oi323\OneDrive\Desktop\HW2\actions-runner\_diag'
[2026-04-06 15:27:39Z INFO HostContext] Well known config file 'Telemetry': 'C:\Users\oi323\OneDrive\Desktop\HW2\actions-runner\_diag\.telemetry'
[2026-04-06 15:27:39Z INFO JobRunner] Raising job completed against run service
[2026-04-06 15:27:39Z INFO Worker] Job completed.
